480969;MADARIAGA PEREZ Arantza;Altube Kalea/Calle 5;48002;BILBAO;0;944219945
480971;ROUCO MARTINEZ Jose;Zorrotza-Kastrexana Errepidea/Carretera 23;48013;BILBAO;1;944416847
480973;CENALMOR VELAYOS Roberto ;Virgen del Mar Kalea/Calle 1;48980;SANTURTZI;0;944614177
480908;DE ORAA MORTE Maria;Sabino Arana Etorbidea/Avenida 31;48013;BILBAO;1;944415059
480910;MINTEGUIA GARCIA Katia MENDIZABAL FERRER Sofia;Tendería Kalea/Calle 32;48005;BILBAO;0;944156354
480911;GUTIERREZ TURRILLAS Sara;San Francisco Kalea/Calle 19;48003;BILBAO;0;944152415
480912;TXAKARTEGI URIZAR Jokin;Paskual Abaroa Etorbidea/Avenida 22;48280;LEKEITIO;1;946840102
200299;GAMINDE CAMPOS Marta ;Gipuzkoa Kalea/Calle 68;20800;ZARAUTZ;0;943477584
480914;SARMIENTO ESPARZA Laida ;Mikel Deuna Plaza/Plaza 4;48370;BERMEO;0;946186301
480915;HERAS CUADRADO Miriam ;Bailén Kalea/Calle 24;48003;BILBAO;1;944152635
480952;ELOSUA GARCIA Ana ;Ibaiondo Kalea/Calle 9;48930;GETXO;1;944631809
480954;ARRIETA CALLE Carlos ;Licenciado Poza Kalea/Calle 38;48011;BILBAO;1;944412134
480951;HERRERO ANDORNO Isabel ;Gernikako Arbola Kalea/Calle 8;48902;BARAKALDO;0;944372559
480972;OLABARRIETA RODRIGUEZ Edorta ;Juan Bautista Uriarte Kalea/Calle 34;48960;GALDAKAO;0;944560390
480974;GOGENOLA ZATICA Leire ;Kurtzero Auzoa/Barrio 20;48392;MUXIKA;1;946255446
480975;IBAÑEZ VILLAN Diana ;Larratundu Kalea/Calle 7;48004;BILBAO;1;944123791
480976;ANDRACA ITURBE Leire ;La Paz Kalea/Calle 1;48903;BARAKALDO;0;944994170
480883;BIDAGUREN SARRICOLEA Teresa ;Heros Kalea/Calle 19;48009;BILBAO;1;944231523
480887;DIEZ TUBET Andrea Beatriz ;Urquijo Zumardia/Alameda 45;48011;BILBAO;1;944437992
480991;REVILLA ORTUETA Ricardo ;Doctor Félix Landín Kalea/Calle 4;48012;BILBAO;1;944271685
480995;LAVIN ABADIA Andrea ;Atutxa Sailburua Kalea/Calle 1;48330;LEMOA;1;946313018
480998;IRIGOYEN BALENCIAGA Martina IRIGOYEN BALENCIAGA Rafael;Bixente Kapanaga Kalea/Calle 3;48215;IURRETA;1;946814387
480997;IRIGOYEN BALENCIAGA Amaia ;Ezkurdi Plaza/Plaza 8;48200;DURANGO;1;946812568
480890;PARAMO GOMEZ Begoña ;Aita Gotzon Kalea/Calle 9;48610;URDULIZ;0;946764507
480891;GONZALEZ-ESTRADA RIVAS Ana Mª ;Antonio Trueba Etorbidea/Avenida 23;48550;MUSKIZ;1;946706203
480892;GUTIERREZ CORCHERO Gema ;Aperribai Auzoa/Barrio 16;48960;GALDAKAO;1;944404773
480894;RODRIGUEZ MENARGUEZ Iciar ;Portu Kalea/Calle 4;48901;BARAKALDO;0;944372816
480896;AXPE TORRONTEGI Josu ;Butroi Kalea/Calle 6;48100;MUNGIA;0;946740344
480874;ZUAZNABAR SEGURA Argiñe ZUBIRI VENEGAS Oihana;Madariaga Etorbidea/Avenida 35;48014;BILBAO;1;944752519
480876;TIEMBLO FERRETÉ Cristina ;Sabino Arana Etorbidea/Avenida 89;48940;LEIOA;1;944803191
480872;BARTOLOME BIDAGUREN Marta ;Gabiola Kalea/Calle 2;48240;BERRIZ;1;946827307
480878;ULLOA OVALLE Mª Miguelina ;Ibaigane Kalea/Calle 9;48930;GETXO;0;944638460
480875;ALDECOA DE PEDRO Izaskun ;Ibarluze Kalea/Calle 2;48960;GALDAKAO;0;944560138
480879;FEO ONZAIN Maria ;Lehendakari Aguirre Etorbidea/Avenida 143;48015;BILBAO;1;944759232
480877;URIARTE ALONSO Maria ;Carnicería Vieja Kalea/Calle 15;48005;BILBAO;1;944152390
480882;AREVALO OLANO Ainara ;Artekale Kalea/Calle 33;48005;BILBAO;0;944158517
480884;MARTINEZ DE LUCO GARCIA Estibaliz MARTINEZ DE LUCO GARCIA Maria;Sabino Arana Etorbidea/Avenida 38;48013;BILBAO;1;944410182
480888;GASTEARENA GORROCHATEGUI Mikel ;Meso Kalea/Calle 24;48950;ERANDIO;1;944175200
480886;ALVES SANTOS Mario ;Gipuzkoa Etorbidea/Avenida 46;48260;ERMUA;0;943172666
480889;NARDIZ CIRARDA Marta ;Mendibil Kalea/Calle 1;48940;LEIOA;0;944800484
480893;VERGNIORY TRUEBA Olatz ;Rafaela Ybarra Kalea/Calle 35;48014;BILBAO;0;944754653
480897;MONASTERIO CANTABRANA Laura MONASTERIO CANTABRANA Maria;Villa de Plentzia Kalea/Calle 4;48930;GETXO;0;944640981
480895;GARCIA  OTERO Maria Maximina ;Cendeja Auzoa/Barrio 41;48550;MUSKIZ;1;946706303
480980;PASCUA RIÑONES Itxaso ;Txomin Garat Etorbidea/Avenida 4;48004;BILBAO;1;944126528
480978;PALACIOS HUERTA Mª Teresa QUINTANILLA GAMIZ Izaskun;Correo Kalea/Calle 4;48005;BILBAO;0;944154857
480982;ARRATE UGARRIZA Koldo ;Enrique Ibarreta Kalea/Calle 1;48006;BILBAO;1;944112781
480983;CAÑADA BENEDICTO Ana ;Altamira Auzoa/Barrio 26;48002;BILBAO;1;944274382
480981;DE IZA CAMINA Idurre ;María Diaz de Haro Kalea/Calle 3;48920;PORTUGALETE;0;944954791
480987;BARAÑANO ZABALA Jone ;Arkotxa Auzoa/Barrio 34;48480;ZARATAMO;1;944565578
480986;ANDRACA ITURBE Irune ;Itsasbide Kalea/Calle 30;48630;GORLIZ;1;946128941
480985;LOPEZ-ANTE SOMOKURCIO Ana VITORIA BOLUMBURU Oihana;Trañabarren Etorbidea/Avenida 15;48220;ABADIÑO;0;946217009
480988;GOMEZ DE ITURRIAGA SIRVENT Mª Asunción GOMEZ DE ITURRIAGA PRIETO Fernando;Gran Vía de Jose Antonio Agirre y Lekube Kalea/Calle 3;48910;SESTAO;1;944962130
480989;MORENO IZAGUIRRE David MORENO IZAGUIRRE Mikel;Mestikabaso Kalea/Calle 19;48300;GERNIKA-LUMO;0;946256324
480984;PELAYO SESMA Paula ;Iturriaga Kalea/Calle 4;48004;BILBAO;0;944117393
480990;GOITISOLO FERNANDEZ Elena ;Paskual Abaroa Etorbidea/Avenida 41;48280;LEKEITIO;1;946840856
480994;LUMBRERAS AGUIRRE Leire ;Colón de Larreategui Kalea/Calle 18;48001;BILBAO;1;944233589
480996;AMILLATEGI OMAETXEBARRIA ARITZ ;Alhondiga Kalea/Calle 2;48300;GERNIKA-LUMO;1;946250885
480992;AMOROS PISABARRO Natalia ;Altzibar-Auzoa Taldea/Grupo 3;48277;ETXEBARRIA;0;946166356
480993;ELOSEGUI MARTINEZ Ane ;Lauaxeta Kalea/Calle 7;48111;LAUKIZ;0;946152817
010112;ALONSO CHAO Azucena ;Porticada Plaza/Plaza 4;01015;VITORIA-GASTEIZ;0;945191641
481000;ULLATE DE LA TORRE Enrique ;Sendeja Kalea/Calle 7;48007;BILBAO;0;944451407
480999;EZQUERRA GALARZA Sofia Mercedes ;Ángel Etorbidea/Avenida 2;48993;GETXO;1;944914704
481002;LARREA LOTINA Carlos ;Ribera Kalea/Calle 20;48005;BILBAO;0;944151418
481003;ARRIETA BEREZIARTUA Naiara ;Jose Antonio Aguirre Lekube Kalea/Calle 1;48291;ATXONDO;0;946582097
481001;MARTINEZ GONZALEZ GERMAN ASIS ;Basagoiti Etorbidea/Avenida 45;48991;GETXO;1;944914632
481004;BALANZATEGUI BERNARDINO Mª Cruz ;Loiolako Inazio Kalea/Calle 12;48960;GALDAKAO;1;944572707
480937;GOROSTIAGA OMAECHEVARRIA Izaskun ;Goiko kalea Kalea/Calle 49;48360;MUNDAKA;1;946876805
480939;RODRIGO GUTIERREZ Jon ;Juan de Garai Kalea/Calle 13;48901;BARAKALDO;1;944375084
480938;ZARRAGA SUAREZ Maite ;Metacal Kalea/Calle 6;48450;ETXEBARRI;1;946576195
480933;URAGA SANCHEZ Leire ;Uribarri Kalea/Calle 25;48007;BILBAO;0;944450795
480941;SANTAMARIA DIAZ Gabriela ;Errekakale Kalea/Calle 6;48230;ELORRIO;1;946820304
480936;DEL PALACIO ATIENZA Virginia Victoria ;Portu Kalea/Calle 14;48901;BARAKALDO;0;944372736
480940;MUÑOZ RIERA Enrique ;Juan Ajuriaguerra Kalea/Calle 52;48009;BILBAO;1;944238817
480942;REY MAYOR MONICA REY MAYOR BEATRIZ;Nieto Ulibarri Kalea/Calle 2;48510;VALLE DE TRÁPAGA-TRAPAGARAN;1;944863929
480944;ANGOITIA GARCIA Sergio ;Asturias Kalea/Calle 2;48902;BARAKALDO;0;944370356
480943;GOROSTIZAGA LEGUEY Miren Itziar ;Recalde Zumardia/Alameda 8;48009;BILBAO;0;944236056
480945;OJANGUREN GUERRA Iñigo  ;Pintor Losada Kalea/Calle 31;48004;BILBAO;1;944111030
480934;SALDAÑA URRUTIA Gonzalo ;Sabino Arana Kalea/Calle 28;48600;SOPELA;1;946129547
480898;GONZALEZ PEREZ PAULA ;Lehendakari Aguirre Etorbidea/Avenida 30;48014;BILBAO;0;944750979
200294;TENA MARTÍN Juan ;Tranbia Ibilbidea/Paseo 9;20115;ASTIGARRAGA;0;943543718
480901;FERNANDEZ CORTA Mercedes FERNANDEZ CORTA Antonio;Gordóniz Kalea/Calle 50;48002;BILBAO;1;944210964
480900;GARCIA VIVANCO Maria ;Ramón de Durañona Kalea/Calle 18;48510;VALLE DE TRÁPAGA-TRAPAGARAN;0;944921952
480899;AURRE HERVALEJO Aintzane ;Portubidea Kalea/Calle 7;48620;LEMOIZ;0;946879341
480902;GONZALEZ PELAEZ Angela ;Severo Ochoa Kalea/Calle 10;48480;ARRIGORRIAGA;0;946715050
010113;DUO URIARTE Begoña ;Bulevar de Salburua Kalea/Calle 44;01003;VITORIA-GASTEIZ;0;945778205
480903;ALCALA ETAYO Aranzazu ;Zubiaurre Kalea/Calle 29;48260;ERMUA;1;943171754
200298;ESPARZA ETXARRI Blanca ;Santuiturri Plaza/Plaza 5;20800;ZARAUTZ;1;943504783
480905;EGUSKIZA SANCHEZ Iñigo ;Gran Vía de Jose Antonio Agirre y Lekube Kalea/Calle 39;48910;SESTAO;1;944966762
480904;EGUSKIZA SANCHEZ Maialen ;Via Galindo Kalea/Calle 7;48910;SESTAO;1;944960408
480906;LONGARAI BARRUETABEÑA Aitziber ;Aretxalde Auzoa/Barrio 51;48196;LEZAMA;1;944556296
480907;SANCHEZ ROBLES Miren Itziar ;Urbitarte Industrialdea/Pol. Indus. 4;48220;ABADIÑO;0;946212299
480913;LINAZA GARCÍA Amaya LINAZA PEÑA Iñaki;Lehendakari Aguirre Etorbidea/Avenida 159;48015;BILBAO;1;944761392
481007;RODRIGUEZ DIEZ Juan Carlos ;Kareaga Goikoa Kalea/Calle 50;48970;BASAURI;1;944490643
481006;GARCIA ARAZOSA Iciar ;Reyes Católicos Etorbidea/Avenida 13;48012;BILBAO;0;944210180
481005;AMIGO LABARI Paloma ;Las Viñas Kalea/Calle 31;48980;SANTURTZI;1;944626988
481008;CARMONA DAVILA Vanesa ;Recalde Zumardia/Alameda 37;48011;BILBAO;1;944701212
481011;DE EGUILEOR ASTIGARRAGA Miguel ;Agirre Lehendakaria Etorbidea/Avenida 51;48970;BASAURI;1;944493361
481010;VIAR MORON Teresa Toscana ;Bidezabal Kalea/Calle 2;48993;GETXO;0;944319007
481012;DE LA PRESA UNANUE Aritz ;Ronda de Azkue Kalea/Calle 38;48902;BARAKALDO;1;944997820
480916;ISASI PEREZ Eunate ISASI PEREZ Ainara;Urgoiti Ibilbidea/Paseo 14;48480;ARRIGORRIAGA;1;946710517
480917;MARTINEZ SANTOS Beatriz ;Itsasalde Kalea/Calle 24;48980;SANTURTZI;0;944839212
481013;IBARROLA GANZABAL Goretti ;Foru Plaza/Plaza 12;48460;URDUÑA/ORDUÑA;1;945383007
481009;LESMES PUENTE Yolanda ;Virgen de Begoña Kalea/Calle 2;48006;BILBAO;1;944163559
481016;TORRE FERNANDEZ-NAVAMUEL Javier ;Concha Auzoa/Barrio 5;48891;KARRANTZA HARANA/VALLE DE CARRANZA;0;946806220
200119;BARRUTIA GÜENAGA Ane Miren ;Nafarroa Etorbidea/Avenida 9;20200;BEASAIN;1;943253741
481015;ORBEA VITORIA Laura ORBEA VITORIA Maria;Ocho de Enero Kalea/Calle 5;48300;GERNIKA-LUMO;0;946250990
481014;GONZALEZ UMARAN Ignacio María ;Gran Vía de Jose Antonio Agirre y Lekube Kalea/Calle 62;48910;SESTAO;1;944723077
481019;GARRASTAZU BARRENA Agurtzane ;J.A. Agirre eta Lekube Plaza/Plaza 8;48950;ERANDIO;1;944530124
481017;RON LUÑO Santiago RON LUÑO Martin RON LUÑO;Kareaga Goikoa Kalea/Calle 16;48970;BASAURI;1;944491699
481018;LLORENTE FRANCO Victor LLORENTE LACHA Victor;Pedro Eguillor Plaza/Plaza 2;48008;BILBAO;0;944795910
010106;BERASATEGUI ASURABARRENA Unai ;8 de Marzo Etorbidea/Avenida 5;01002;VITORIA-GASTEIZ;1;945779900
481020;ECHEVARRIA BUENECHEA Joseba Andoni ;Artatza Kalea/Calle 28;48940;LEIOA;0;946452338
480918;AZNAR AVILA Mariola ;Doctor Madinabeitia Plaza/Plaza 4;48810;ALONSOTEGI;0;944980056
480955;LOIZAGA DIAZ Miren Josune ;Hermanos Maristas Etorbidea/Avenida 10;48860;ZALLA;0;946390080
480953;RUIZ GOLVANO Jon ;Bidezahar Kalea/Calle 14;48340;AMOREBIETA-ETXANO;0;946308356
480968;ROUCO CARMONA Iria ;Balejo Kalea/Calle 5;48903;BARAKALDO;0;944997842
480927;URQUIJO JUAREZ Ziortza ;Zubieta Etorbidea/Avenida 2;48410;OROZKO;0;946610076
480924;URRUZUNO ALONSO FERNANDO ;Kantoipe Kalea/Calle 12;48700;ONDARROA;0;946833511
480925;GUTIERREZ ARTETXE Iban ;Txiki Otaegi Kalea/Calle 3;48340;AMOREBIETA-ETXANO;0;946731432
480928;ACARREGUI MOYA Amaia ;Juan Tomás de Gandarias Kalea/Calle 12;48910;SESTAO;1;944960454
480929;URRUZUNO ALONSO Gorka ;Lubarrietaondo Auzategia/Barrio 50;48110;GATIKA;0;946151054
480926;ANSOLEAGA YARRITU Teresa ;Itsasbide Kalea/Calle 5;48630;GORLIZ;0;946775452
480930;DIAZ COLORADO MARIA JOSE ;Anteiglesia Plaza/Plaza 13;48902;BARAKALDO;1;944372915
480931;AZAGRA GARDE María ;Iparbide Kalea/Calle 7;48991;GETXO;1;944305052
480932;DIAZ RAMON Ruth Lucia ;Etxegorri Kalea/Calle 3;48950;ERANDIO;0;944170291
480935;GOYARROLA EGUIRAUN Juan GOYARROLA EGUIRAUN María;Hurtado de Amezaga Kalea/Calle 10;48008;BILBAO;0;944155716
480956;ZARATE LARREA Susana SANTIN ABELEDO Silvia;Urazurrutia Kalea/Calle 2;48003;BILBAO;0;944156250
480962;AGUIRRE MORAN Carlos ;Concordia 1900Go Alkartasuna Kalea/Calle 8;48100;MUNGIA;0;946740233
480960;PEREZ IRAETA Alaitz ;Dendakale Kalea/Calle 4;48287;EA;0;946275207
480959;OSA LARRUZEA Ioana ;Sabin Arana Kalea/Calle 2;48700;ONDARROA;0;946830790
480963;SENZ URRUTIA Iban ;Urquijo Zumardia/Alameda 71;48013;BILBAO;1;944417197
480961;CARAMES ESTEFANÍA Marta ;Mugakoa Kalea/Calle 9;48920;PORTUGALETE;1;944612933
010116;SARRIA QUIROGA Mª Gloria ;Iturrieta Kalea/Calle 2;01200;AGURAIN/SALVATIERRA;0;945310215
480964;MADARIAGA UGALDE Mikel ;Monte Izaro Kalea/Calle 3;48007;BILBAO;1;944452146
480966;RAMOS SAIZ Eva ;Sabino Arana Etorbidea/Avenida 20;48940;LEIOA;0;946124235
480958;ARISTEGUI ECHAVE Laura ;Julián Gaiarre Etorbidea/Avenida 62;48004;BILBAO;0;944 97 98 23
480967;MORELLO MENCHACA Jon Iñaki ;Larrakotorre Kalea/Calle 1;48015;BILBAO;1;944475276
480970;CORREA HERNANDEZ Sofia Ximena ;Ayuntamiento Errepidea/Carretera 2;48650;BARRIKA;0;946774716
480965;SARRIA QUIROGA Itziar ;Sasikoa Kalea/Calle 17;48200;DURANGO;1;946002804
480949;EGUILEOR VALLEJO Laura ;Santa Eulalia Kalea/Calle 15;48980;SANTURTZI;1;944834069
480946;BURGUEÑA MORENO Tamara ;Encartaciones Etorbidea/Avenida 24;48800;BALMASEDA;1;946566767
480947;ARRIOLA ARACIL Angela ARRIOLA ARACIL Pablo;Amaia Kalea/Calle 29;48930;GETXO;1;944805328
480950;MARTINEZ-ASTORQUIZA CORRAL ANDREA ;Elorri Kalea/Calle 15;48991;GETXO;1;944303328
480948;MARTINEZ MARTINEZ Itxaso ;Bagatza Kalea/Calle 7;48901;BARAKALDO;1;944376773
010056;HORMAZA LARA Aintzane ;Santiago Hiribidea/Avenida 51;01003;VITORIA-GASTEIZ;0;945254103
010115;BELTRAN DE HEREDIA PEREZ DE VILLARREAL Mª  Rosario ;Naciones Unidas Etorbidea/Avenida 17;01015;VITORIA-GASTEIZ;1;945069126
480957;RUIZ SARASOLA Juan RUIZ SARASOLA Ana;Santo Rosario Kalea/Calle 1;48004;BILBAO;0;944114371
480919;ETXEANDIA ALONSO Iratxe ;Sabino Arana Kalea/Calle 22;48980;SANTURTZI;1;944613304
010114;GARCIA-AGUNDEZ PEREZ-COCA Mª Josefa ;Pamplona-Iruñea Kalea/Calle 17;01010;VITORIA-GASTEIZ;0;945778623
480921;ZABALA CARRERO Oibar ;Egileor Kalea/Calle 3;48014;BILBAO;0;944479749
480923;LARREA ECHABURU Iñigo ;Herriko plaza Plaza/Plaza 14;48901;BARAKALDO;1;944372143
200268;SABORIDO RODRIGUEZ Mª del Carmen ;Mañe i Flaquer Plaza/Plaza 6;20120;HERNANI;1;943576477
480977;GONZALEZ DE LANGARICA SANTANDER Miryam ;Miramar Taldea/Grupo 2;48910;SESTAO;1;944962826
480979;FERNANDEZ GIL Javier ;Abatxolo Kalea/Calle 19;48920;PORTUGALETE;0;944965055
010001;ACHAERANDIO DIAZ DE GUEREÑU Beatriz ;Pintor Adrián Aldecoa Kalea/Calle 7;01008;VITORIA-GASTEIZ;1;945135317
010002;GONZALEZ MORENO OCHOA DE RETANA Maria OCHOA DE RETANA MARTINEZ DE MURGIA Ana;Gasteiz Etorbidea/Avenida 33;01008;VITORIA-GASTEIZ;1;945228966
010003;CANALES LEZA Iñigo ;Postas Kalea/Calle 6;01001;VITORIA-GASTEIZ;1;945231151
010004;ARNAIZ GARCIA Belén ;Diputación Foral de Alava Kalea/Calle 18;01001;VITORIA-GASTEIZ;1;945258173
010005;ZULUETA FERNANDEZ Leire ;Eduardo Dato Kalea/Calle 24;01005;VITORIA-GASTEIZ;0;945231630
010006;PUENTE MENDIZABAL Iñigo ;San Francisco Kalea/Calle 2;01001;VITORIA-GASTEIZ;0;945259843
010007;PELETEIRO RODRIGUEZ Aaron ;Monseñor Estenaga Kalea/Calle 2;01002;VITORIA-GASTEIZ;0;945288797
010008;GONZALO-BILBAO FERNANDEZ Mª Jesus ;Postas Kalea/Calle 34;01001;VITORIA-GASTEIZ;0;945232027
010009;LOPEZ GARCIA DE SALAZAR Ignacio ;Independencia Kalea/Calle 10;01005;VITORIA-GASTEIZ;0;945232037
010010;LOPEZ DE HEREDIA ELOSEGUI Isabel ;Ramón Ortiz de Zarate Kalea/Calle 22;01005;VITORIA-GASTEIZ;0;945258002
010011;DELEUZE JIMENEZ Adela ;General Álava Kalea/Calle 22;01005;VITORIA-GASTEIZ;0;945231549
010012;CARRASCAL BERRUETA Mª Nieves ;San Juan Plaza/Plaza 4;01200;AGURAIN/SALVATIERRA;1;945300190
480861;PEREZ SAEZ Unai ;Oizmendi Kalea/Calle 5;48960;GALDAKAO;0;944560583
480866;PALOS  PAZ MARIA DEL CARMEN ;San Mamés Zumardia/Alameda 29;48010;BILBAO;1;944210504
480867;DOMINGUEZ ESQUIBEL Susana ;Zabalea Auzoa/Barrio 35;48960;GALDAKAO;0;944572055
480869;FERREIRO FERNANDEZ Yago ;Gernikako Arbola Etorbidea/Avenida 8;48160;DERIO;0;944542297
480870;PINILLA LOZANO Lucia Guadalupe ;Pablo Picasso Kalea/Calle 15;48012;BILBAO;1;944217844
010013;ARMENTIA ALAVA Mª Cristina ;Ayuntamiento Plaza/Plaza 8;01130;ZUIA;1;945430236
010014;SOLAUN MARTINEZ Iranzu ;Lamuza Kalea/Calle 3;01400;LAUDIO/LLODIO;0;946720002
010015;BLANCO BOMBIN Mª Pilar ;Marmario Kalea/Calle 1;01250;ASPARRENA;1;945304031
010016;HERNANDEZ CORDON Jesus Angel ;Elexondo Kalea/Calle 13;01470;AMURRIO;0;945890181
010017;FERNANDEZ ALONSO DE LOMAS Laura ;Arteko aldapa Aldapa/Cuesta 6;01474;ARTZINIEGA;0;945396018
010018;FUERTES LOPEZ-CASERO Carlos ;Ardantzazar Kalea/Calle 9;01400;LAUDIO/LLODIO;0;946721921
010019;YELA RUIZ Isabel ;Voluntaria Entrega Kalea/Calle 40;01010;VITORIA-GASTEIZ;1;945271762
010020;RUIZ DE GORDEJUELA ALDAMA IXONE ;Arquitecto Jesus Guinea Kalea/Calle 38;01426;VALDEGOVÍA/GAUBEA;1;945353036
010021;HADOUCH BENANNI Naoual ;Langraiz Etorbidea/Avenida 23;01230;IRUÑA OKA/IRUÑA DE OCA;0;945364967
010022;MERINO GARCIA AMAYA ;San Andres Kalea/Calle 1;01340;ELCIEGO;1;945606204
010023;ESQUIBEL SANZ Eduardo ;Ugarte Kalea/Calle 1;01440;URKABUSTAIZ;0;945437174
010024;GARCIA CARBONELL Jose Alberto GARCIA OTAÑO Paloma;Santa Engracia Kalea/Calle 42;01300;LAGUARDIA;0;945600265
010025;DELEUZE JIMENEZ Lucia ;Diputación Etorbidea/Avenida 10;01330;LABASTIDA/BASTIDA;0;945331036
010026;GOICOECHEA ASENSIO Mercedes ;La Villa Kalea/Calle 74;01110;CAMPEZO/KANPEZU;0;945415048
010027;ANGULO ARCE Amaia ANGULO ARCE Javier;Alborkoin Kalea/Calle 2;01240;ALEGRÍA-DULANTZI;1;945420217
010028;YARZA BARCENA MARIA JESUS NOLASCO PEREZ INES;Elexondo Kalea/Calle 31;01470;AMURRIO;0;945891696
010029;RIVERA EGUIGUREN Ignacio ;Ibaizabal Kalea/Calle 1;01400;LAUDIO/LLODIO;1;946720329
010030;AIS LARISGOITIA Begoña ;Patricia Bilbao Urbanizazioa/Urbanización 8;01400;LAUDIO/LLODIO;1;946721775
010031;LOPEZ DE OCARIZ DE MUNAIN Milagros ;Beheko kalea Kalea/Calle 6;01170;LEGUTIO;1;945455189
010032;MILLAN VAL Maider ;Don Miguel Diaz de Tuesta Plaza/Plaza 1;01426;AÑANA;1;945351238
010033;PULIDO ALVAREZ Jose Manuel ;Gernika Etorbidea/Avenida 4;01320;OYÓN-OION;1;945601184
010034;GOMEZ MORENO Jaime ;Teodoro Gonzalez de Zárate Kalea/Calle 50;01007;VITORIA-GASTEIZ;1;945138443
010035;GORBEA MENDIZABAL MARIA ARANZAZU ;Francia Kalea/Calle 2;01002;VITORIA-GASTEIZ;1;945263264
010036;ORMAZABAL DE LA CRUZ Amaia ;Olaguibel Kalea/Calle 38;01004;VITORIA-GASTEIZ;1;945280874
010037;FONTANEDA MARAÑON Miguel ;Santiago Hiribidea/Avenida 31;01003;VITORIA-GASTEIZ;1;945280435
010038;DELEUZE JIMENEZ Alberto ;Ramiro de Maeztu Kalea/Calle 16;01008;VITORIA-GASTEIZ;1;945140919
010039;NAVARRO SANCHEZ Ignacio Jose ;Cercas Bajas Kalea/Calle 35;01001;VITORIA-GASTEIZ;0;945142371
010040;GONZALEZ CASI Aranzazu ;Portal de Arriaga Kalea/Calle 5;01012;VITORIA-GASTEIZ;1;945140101
010041;ETCHABERRY ARJIZ Mara ;Cruz Blanca Kalea/Calle 8;01012;VITORIA-GASTEIZ;1;945245361
010042;MOZAS LERIDA Isabel ;Postas Kalea/Calle 33;01004;VITORIA-GASTEIZ;0;945264018
010043;MEDIAVILLA PETRALANDA IZARO ;Prudencio María Verastegui Kalea/Calle 4;01002;VITORIA-GASTEIZ;1;945264735
010044;CAMENO PERALTA Elena HERNANDEZ DE LUIS Francisco  Javier;Alberto Schommer Kalea/Calle 1;01006;VITORIA-GASTEIZ;0;945135710
010045;EGUIA SOLAUN Maite EGUIA SOLAUN Miriam;Zumalakarregi Etorbidea/Avenida 13;01400;LAUDIO/LLODIO;0;946720704
010046;TORRECILLA JIMENEZ Veronica ;Araka Kalea/Calle 33;01013;VITORIA-GASTEIZ;1;945265598
010047;ASPE CARRANZA Teresa ;Sancho el Sabio Kalea/Calle 2;01008;VITORIA-GASTEIZ;0;945130366
010048;LARREA BENITO Concepcion ;Cercas Bajas Kalea/Calle 2;01001;VITORIA-GASTEIZ;1;945254464
010049;VILLACORTA MARTINEZ DE MATURANA Mª Mercedes ;Portal de Legutiano Kalea/Calle 3;01002;VITORIA-GASTEIZ;0;945262839
010050;MARTINEZ MARTINEZ DE MARAÑON Sara Leticia ;Polvorín Viejo Kalea/Calle 6;01003;VITORIA-GASTEIZ;1;945273955
010051;FERNANDEZ DE TROCONIZ FERNANDEZ Pablo Luis ;Portal de Legutiano Kalea/Calle 47;01013;VITORIA-GASTEIZ;0;945260036
010052;MORENO MORENO Juan Sebastián ;Basoa Kalea/Calle 1;01012;VITORIA-GASTEIZ;1;945224687
010053;ANZOLA CABO Monica ;Heraclio Fournier Kalea/Calle 28;01006;VITORIA-GASTEIZ;0;945137857
010054;VAZQUEZ RODRIGUEZ Carmen ;Ariznabarra Kalea/Calle 3;01007;VITORIA-GASTEIZ;1;945130804
010055;SANTAMARIA UGALDE Leticia ;Chile Kalea/Calle 7;01009;VITORIA-GASTEIZ;1;945221548
010057;FERNANDEZ DE TROCONIZ FERNANDEZ Mª Eugenia ;Reyes de Navarra Kalea/Calle 3;01013;VITORIA-GASTEIZ;1;945262068
010058;LAMAZA BELTRAN DE LUBIANO Maialen ;Federico Baraibar Kalea/Calle 2;01003;VITORIA-GASTEIZ;1;945252392
010059;MONTEAGUDO ARRAZOLA Imanol ;Reyes de Navarra Kalea/Calle 45;01013;VITORIA-GASTEIZ;1;945120806
010060;MENDIARATZ MURGUIONDO Karmele ;Portal de Arriaga Kalea/Calle 41;01012;VITORIA-GASTEIZ;1;945225079
010061;MONTEAGUDO ARRAZOLA Marta ;Arana Kalea/Calle 32;01002;VITORIA-GASTEIZ;0;945257840
010062;RIVERO RIVERO Isabel ;Comandante Izarduy Kalea/Calle 30;01006;VITORIA-GASTEIZ;1;945136131
010063;ETCHABERRY ARJIZ Francisco Javier ;Honduras Kalea/Calle 12;01012;VITORIA-GASTEIZ;1;945243848
010064;LOBO RUIZ Mª Dolores ;Beato Tomás de Zumarraga Kalea/Calle 76;01009;VITORIA-GASTEIZ;1;945244149
010065;RODRIGUEZ CUEVAS Elda ;Benito Pérez Galdós Plaza/Plaza 4;01002;VITORIA-GASTEIZ;0;945264587
010066;GUTIERREZ ZUBELDIA David ;Juana Jugan Kalea/Calle 3;01009;VITORIA-GASTEIZ;0;945270097
010067;PALACIOS BRETON Tamara ;Paula Montal Kalea/Calle 20;01010;VITORIA-GASTEIZ;1;945244681
010068;DAVILA DE EUSEBIO Monica ;Madrid Kalea/Calle 56;01002;VITORIA-GASTEIZ;1;945274915
010069;SAENZ DE UGARTE FERNANDEZ Ismene ;Santa Bárbara Plaza/Plaza 1;01004;VITORIA-GASTEIZ;0;945282342
010070;SANZ LAS HERAS Ana Isabel ;Paraguay Kalea/Calle 6;01012;VITORIA-GASTEIZ;1;945222546
010071;SUAREZ BUGALLO Mª Natividad ;Joaquín Collar Kalea/Calle 8;01002;VITORIA-GASTEIZ;0;945261617
010072;ASTABURUAGA GORROCHATEGUI Miren ;Nardeaga Kalea/Calle 10;01160;ARAMAIO;0;945445003
010073; ;La Poveda Etorbidea/Avenida 6;01306;LAPUEBLA DE LABARCA;0;945607191
010074;QUIJANO ECHARTE Cesar QUIJANO ECHARTE Mª Sagrario;Puerto de Azazeta Kalea/Calle 2;01013;VITORIA-GASTEIZ;0;945282097
010075;TENDERO BAIMA Marta ;Hospital Kalea/Calle 4;01118;BERNEDO;1;945378150
010076;MALLAGARAY DE BENITO Eva ;Los Herrán Kalea/Calle 82;01002;VITORIA-GASTEIZ;1;945120911
010077;CARRASCAL BERRUETA Mª Cruz ;Tomas Alfaro Kalea/Calle 15;01008;VITORIA-GASTEIZ;1;945242039
010078;BETRAN VISUS Pilar ;Juntas Generales Kalea/Calle 18;01010;VITORIA-GASTEIZ;0;945172027
010079;ALBERDI JUARISTI Irene ;Calle Mayor Kalea/Calle 32;01308;LANCIEGO/LANTZIEGO;1;945608185
010080;LIAÑO RUIZ Ester ;Arenalde Kalea/Calle 1;01409;OKONDO;1;945898131
010081;DEL AMO DE ABIA OLGA BUIL BLAZQUEZ ANDREA ;Iruña-Veleia Etorbidea/Avenida 68;01015;VITORIA-GASTEIZ;1;945176534
010082;CACERES GRAUPERA Jose Enrique ;La Iglesia Auzoa/Barrio 2;01476;AYALA/AIARA;1;945399154
010083;MOINA ARRIAGA Susana ;Ugarte Kalea/Calle 5;01400;LAUDIO/LLODIO;1;946725028
010084;GAMARRA MARTINEZ Marta ;Portal de Castilla Kalea/Calle 54;01007;VITORIA-GASTEIZ;1;945132781
010085;GORTAZAR ITURRIAGA Amaia ;Buztinzuri Kalea/Calle 6;01008;VITORIA-GASTEIZ;0;945224418
010086;LOPETEGUI GARMENDIA Beñat ;La Florida Kalea/Calle 63;01003;VITORIA-GASTEIZ;1;945273696
010087;SAEZ DE VICUÑA ORTUETA Ainhoa ;Zona Industrial Poligonoa/Polígono 0;01196;ZIGOITIA;0;945460825
010088;LEIZAOLA AGUIRREZABALA Maria Rosario ;Loreto de Arriola Kalea/Calle 23;01010;VITORIA-GASTEIZ;1;945171503
010089;PEREDA GARCIA Jose Luis ;Landako Kalea/Calle 28;01470;AMURRIO;0;945393768
010090;FUERTES LOPEZ-CASERO Ana ;Kamaraka Kalea/Calle 4;01400;LAUDIO/LLODIO;0;946726314
010091; ;Koldo Mitxelena Kalea/Calle 3;01008;VITORIA-GASTEIZ;0;945139945
010092;SAINZ DE AZUELO RODRIGUEZ MAIMON Adrian ;Coronela Ibaibarriaga Kalea/Calle 10;01010;VITORIA-GASTEIZ;0;945179069
010093;EGUINOA PINEDO Jon Martin ;Océano Pacífico Kalea/Calle 13;01010;VITORIA-GASTEIZ;0;945229074
010094;MOSTEIRO BALOIRA Margarita ;Alfonso VI Kalea/Calle 24;01213;RIBERA BAJA/ERRIBERABEITIA;1;945355140
010095;OREGI OLAIZOLA Mª Lourdes ;Arbol de Guernika Plaza/Plaza 1;01307;VILLABUENA DE ÁLAVA/ESKUERNAGA;0;945609307
010096;PASCUAL ESPINOSA Fernando PASCUAL ESPINOSA Javier;La Zumaquera Ibilbidea/Paseo 23;01006;VITORIA-GASTEIZ;1;945149227
010097;SANZ SOBRON Maieder DIAZ DE DURANA SÁENZ Asier;Cuchillería Kalea/Calle 51;01001;VITORIA-GASTEIZ;0;945284102
010098;EGUINOA PINEDO Miren ;Zabalgana Etorbidea/Avenida 33;01015;VITORIA-GASTEIZ;1;945220124
010099;REMENTERIA VILLALTA Leire JIMENEZ NAVIA Yara Victoria;Donostia-San Sebastián Kalea/Calle 29;01010;VITORIA-GASTEIZ;1;945177421
010100;RIVERO RIVERO Pedro ;Nieves Cano Kalea/Calle 29;01006;VITORIA-GASTEIZ;0;945147894
010101;URTEAGA SAN ROMAN Aranzazu ;8 de Marzo Etorbidea/Avenida 18;01002;VITORIA-GASTEIZ;1;945334492
010102;PEREZ RUIZ DE ZUAZO Arkaitz ;Hondarribia Kalea/Calle 7;01010;VITORIA-GASTEIZ;0;945191359
010103;GARAVILLA  ADRIAN SILVIA ;Irati Kalea/Calle 2;01010;VITORIA-GASTEIZ;1;945199120
010104;RUIZ DE LA YLLA ALONSO Amaia ;Gernikako Arbola Kalea/Calle 17;01010;VITORIA-GASTEIZ;1;945203786
010105;PEREZ CELIGUETA Aitor ;Santa Olaja de Acero Kalea/Calle 1;01010;VITORIA-GASTEIZ;1;945176387
010107;GARATE MENDIZABAL Ines ;Reina Sofía Hiribidea/Avenida 27;01015;VITORIA-GASTEIZ;1;945068367
010108;RUIZ DE EGUINO CAMPO Leire ;Uria Kalea/Calle 22;01206;BARRUNDIA;1;945317412
010109;PEREZ ZUBIAUR Borja ;Landaburu Kalea/Calle 7;01470;AMURRIO;0;945066598
010110;IBARRA BARRUETA Maite ;Rafael Alberti Kalea/Calle 6;01010;VITORIA-GASTEIZ;1;945003839
010111;LOPEZ DE HEREDIA ELOSEGUI Carolina ;Bulevar de Salburua Kalea/Calle 5;01003;VITORIA-GASTEIZ;0;945771543
200001;GASTELURRUTIA SOTO Blanca SOTO ORTE Mª Esmeralda;Madrid Hiribidea/Avenida 7;20011;DONOSTIA / SAN SEBASTIÁN;0;943454557
200002;ARENAS RUIZ-TAPIADOR Mª Teresa ARENAS  RUIZ-TAPIADOR MARTA;Felipe IV Hiribidea/Avenida 8;20011;DONOSTIA / SAN SEBASTIÁN;1;943458795
200004;ARNEDO LOPEZ Mª Cristina ;Nuestra Señora del Pilar Kalea/Calle 1;20014;DONOSTIA / SAN SEBASTIÁN;0;943454788
200005;BEITIA FERNANDEZ Amagoia ;Jose Maria Soroa Kalea/Calle 11;20013;DONOSTIA / SAN SEBASTIÁN;1;943274971
200006;AZPILICUETA CENGOTITABENGOA Leticia AZPILICUETA CENGOTITABENGOA Ines;Easo Kalea/Calle 8;20006;DONOSTIA / SAN SEBASTIÁN;0;943421915
200007;IMAZ SARASOLA Mª Elena ;Bergara Kalea/Calle 3;20005;DONOSTIA / SAN SEBASTIÁN;1;943421712
200008;BLASCO VEGA Miguel ;Karkizano Kalea/Calle 12;20001;DONOSTIA / SAN SEBASTIÁN;1;943272793
200009;URRETABIZKAIA GONZALEZ Mª Teresa ;San Marcial Kalea/Calle 17;20005;DONOSTIA / SAN SEBASTIÁN;0;943421262
200010;CABEZUDO BARRERA Jesus CABEZUDO BARRERA Mª Cristina;San Francisco Kalea/Calle 54;20002;DONOSTIA / SAN SEBASTIÁN;1;943275448
200011;CABIRO ALVAREZ Juan Manuel ;Duque de Mandas Pasealekua/Paseo 4;20012;DONOSTIA / SAN SEBASTIÁN;1;943426139
200012;LARREA ODRIOZOLA Aroia ;Donostia Kalea/Calle 6;20280;HONDARRIBIA;1;943644316
200013;PORTA CABRERO Mª Isabel ;Ategorrieta Hiribidea/Avenida 81;20013;DONOSTIA / SAN SEBASTIÁN;0;943271270
200014;MUÑOZ RUIZ DE AZUA Teresa ;San Martín Kalea/Calle 14;20005;DONOSTIA / SAN SEBASTIÁN;1;943420439
200015;IMAZ BIENABE Ana Mª ;Garibai Kalea/Calle 21;20004;DONOSTIA / SAN SEBASTIÁN;0;943420190
200016;CILVETI SANCHEZ Usua ;San Francisco Kalea/Calle 14;20001;DONOSTIA / SAN SEBASTIÁN;0;943271627
200017;DORRONSORO GARCIA Elena DORRONSORO GARCIA Maria;Matía Kalea/Calle 12;20008;DONOSTIA / SAN SEBASTIÁN;0;943210757
200018;PONSICO MALLORQUES Irene ;Prim Kalea/Calle 31;20006;DONOSTIA / SAN SEBASTIÁN;0;943464214
200019;IRIGOYEN LASA Ana Eloisa ;Larratxo Pasealekua/Paseo 98;20017;DONOSTIA / SAN SEBASTIÁN;1;943352167
200020;AUSAN DE TENA Ignacio ;Sauce Plaza/Plaza 4;20010;DONOSTIA / SAN SEBASTIÁN;0;943453196
200021;OTAEGUI ARRAZOLA Ane ;Secundino Esnaola Kalea/Calle 21;20001;DONOSTIA / SAN SEBASTIÁN;0;943283434
200022;GOENAGA ALVAREZ Mª Luisa ;Sancho El Sabio Hiribidea/Avenida 10;20010;DONOSTIA / SAN SEBASTIÁN;0;943459543
200023;BEITIA FERNANDEZ Jaione ;Peña y Goñi Kalea/Calle 9;20002;DONOSTIA / SAN SEBASTIÁN;1;943271415
200025;ERCILLA ARRASATE Elixabete ;Narrica Kalea/Calle 11;20003;DONOSTIA / SAN SEBASTIÁN;0;943428217
200026;MORENO GIL MARIA JESUS ;Garibai Kalea/Calle 4;20004;DONOSTIA / SAN SEBASTIÁN;1;943425938
200027;ECHEVESTE JIMENEZ Maria Adoracion ;Zarautz Kalea/Calle 128;20018;DONOSTIA / SAN SEBASTIÁN;1;943126869
200028;GARCIA DE ALZURU Teresa Mª ;Miracruz Kalea/Calle 12;20001;DONOSTIA / SAN SEBASTIÁN;0;943297027
200029;ZUBIZARRETA IZTUETA MARIA ;Moraza Kalea/Calle 12;20006;DONOSTIA / SAN SEBASTIÁN;1;943459307
200030;AGUADO MARCO María ;Kale Nagusia Kalea/Calle 21;20115;ASTIGARRAGA;1;943550327
200031;MACHIMBARRENA GARCIA Mª Victoria ;Biteri Plaza/Plaza 2;20001;DONOSTIA / SAN SEBASTIÁN;0;943275793
200032;DONCEL SANTAMARIA Mª Luisa ;Alcalde Jose Elosegi Hiribidea/Avenida 132;20016;DONOSTIA / SAN SEBASTIÁN;1;943391413
200033;URIBARRI DE MIGUEL Nekane ;Duque de Mandas Pasealekua/Paseo 47;20012;DONOSTIA / SAN SEBASTIÁN;1;943297002
200034;MOCOROA GONZALEZ Ibon ;Legazpi Kalea/Calle 7;20004;DONOSTIA / SAN SEBASTIÁN;1;943424826
200035;OROZ ECHEVERRIA Monica ;Calle Mayor Kalea/Calle 13;20003;DONOSTIA / SAN SEBASTIÁN;1;943422995
200036;ORMAZABAL GOICOECHEA Iñigo ;Eskalantegi Kalea/Calle 32;20017;DONOSTIA / SAN SEBASTIÁN;0;943510781
200037;VIEJO QUINTANA Ana Maria ;Renteria Kalea/Calle 10;20013;DONOSTIA / SAN SEBASTIÁN;0;943279506
200038;LOPEZ-LANCHARES RUBIO Ricardo ;Urbieta Kalea/Calle 2;20006;DONOSTIA / SAN SEBASTIÁN;1;943420149
200039;EZQUERRA DUQUE Mª Isabel URIARTE SANTOS Alicia;Bentaberri Plaza/Plaza 2;20008;DONOSTIA / SAN SEBASTIÁN;1;943213704
200040;GARCIA PEINADO Carmen Aranzazu ;Mons Pasealekua/Paseo 76;20015;DONOSTIA / SAN SEBASTIÁN;1;943297029
200041;ORAA IMAZ Cristina ;Bermingham Kalea/Calle 2;20002;DONOSTIA / SAN SEBASTIÁN;1;943275784
200042;IRURETAGOYENA ECHANIZ Lourdes CAMINO BELDARRAIN Elena;Urbieta Kalea/Calle 33;20006;DONOSTIA / SAN SEBASTIÁN;1;943466508
200043;FERNANDEZ DE LARRINOA REZOLA Irati ;Miracruz Kalea/Calle 13;20001;DONOSTIA / SAN SEBASTIÁN;0;943271829
200044;MARIN MARTINEZ Carmen Maria ;Zubieta Plaza/Plaza 2;20007;DONOSTIA / SAN SEBASTIÁN;0;943454522
200045;ECHEVERRIA LECUONA Mª Luisa ;Resurreccion María de Azkue Kalea/Calle 30;20018;DONOSTIA / SAN SEBASTIÁN;0;943426224
200046;ODRIOZOLA AMENABAR Beatriz ;Idiazabal Kalea/Calle 18;20130;URNIETA;0;943334014
200047;JAUREGUI ANSORENA Mº Rosario ;Garbera Zeharbidea/Travesía 1;20017;DONOSTIA / SAN SEBASTIÁN;1;943404388
200048;KNIESE JAUREGUI Leire ;Kale Nagusia Kalea/Calle 71;20160;LASARTE-ORIA;0;943366567
200049;PEREZ DE AZANZA APESTEGUIA Mª Teresa ;Urbieta Kalea/Calle 24;20006;DONOSTIA / SAN SEBASTIÁN;1;943427566
200050;LOPEZ-LANCHARES VIEJO Oscar LOPEZ-LANCHARES VIEJO Ana;Boulevard Zumardia/Alameda 2;20003;DONOSTIA / SAN SEBASTIÁN;1;943426120
200051;GOMEZ TELLERIA Alejandro Anton ;Urbieta Kalea/Calle 40;20006;DONOSTIA / SAN SEBASTIÁN;0;943450980
200052;LOPEZ ARRILLAGA Monica ;Idiakez Kalea/Calle 4;20004;DONOSTIA / SAN SEBASTIÁN;1;943427050
200053;AREITIO LAORDEN David AREITIO LAORDEN Gorka;La Libertad Hiribidea/Avenida 32;20004;DONOSTIA / SAN SEBASTIÁN;1;943420776
200054;MENDIARAZ HOLGADO Lierni ;Virgen del Carmen Kalea/Calle 4;20012;DONOSTIA / SAN SEBASTIÁN;1;943327177
200055;PASTOR NAVARRO Marta ;Loiola Kalea/Calle 8;20005;DONOSTIA / SAN SEBASTIÁN;1;943421027
200056;BILBAO BARINAGA Mª Jesus ;Miracruz Kalea/Calle 10;20001;DONOSTIA / SAN SEBASTIÁN;1;943270702
200057;OLONDRIS RENGEL Iñigo ;Hernani Kalea/Calle 11;20004;DONOSTIA / SAN SEBASTIÁN;1;943421196
200058;ARSUAGA AZCOAGA Marta ;Sierra de Aralar Kalea/Calle 33;20014;DONOSTIA / SAN SEBASTIÁN;0;943452934
200059;VARON RENTERIA Maria ;Pasai San Pedro Hiribidea/Avenida 51;20017;DONOSTIA / SAN SEBASTIÁN;1;943390876
200060;CREMADES VEGAS Alvaro ;Narrica Kalea/Calle 23;20003;DONOSTIA / SAN SEBASTIÁN;0;943421183
200061;BERRONDO AIZPURUA Mª Juncal BERRONDO AIZPURUA Mª Concepcion;Azkuene Kalea/Calle 19;20017;DONOSTIA / SAN SEBASTIÁN;0;943399186
200062;ECHEVESTE ELOSEGUI Hugo Andres ;Trento Kalea/Calle 10;20018;DONOSTIA / SAN SEBASTIÁN;0;943216102
200063;PUJO IRIGOYEN Maider ATORRASAGASTI IRIGOYEN Edith;Altza Pasealekua/Paseo 57;20017;DONOSTIA / SAN SEBASTIÁN;1;943352570
200064;ARRATIBEL GOITIA Mª Elena ;San Juan Kalea/Calle 38;20260;ALEGIA;0;943654722
200065;ZATARAIN GORDOA Ana Elisabet ;Elizondo Plaza/Plaza 6;20140;ANDOAIN;1;943590802
200066;DIAZ FERNANDEZ GIL Angel Mª ;Kale Nagusia Kalea/Calle 19;20140;ANDOAIN;0;943592057
200067;DE MIGUEL BARCO Maialen ;Kale Nagusia Kalea/Calle 32;20160;LASARTE-ORIA;0;943371151
200068;OLAIZOLA ALVAREZ AMAIA ;Herriko plaza Plaza/Plaza 10;20550;ARETXABALETA;1;943792199
200069;LOSA IGLESIAS Candida Mª ;Mikelete Kalea/Calle 5;20180;OIARTZUN;0;943491931
200070;AZPIAZU ANGOITIA Mª Begoña ;Kale Nagusia Kalea/Calle 66;20720;AZKOITIA;1;943852989
200071;VITERI OROBENGOA Itziar ;Ibaiondo Kalea/Calle 28;20720;AZKOITIA;0;943850660
200072;ESCOBAR CABALLERO Monica ;Jose Artetxe Kalea/Calle 6;20730;AZPEITIA;1;943815974
200073;ARAMBURU GARATE Esther Laura ;Goiko kalea Kalea/Calle 3;20730;AZPEITIA;0;943811350
200074;ODRIOZOLA ELDUAIEN Igor ;Kale Nagusia Kalea/Calle 16;20200;BEASAIN;0;943880152
200075;ELOSEGI ETXEBERRIA Amaia ;Kale Nagusia Kalea/Calle 8;20200;BEASAIN;0;943880232
200076;DE LA CUESTA JAUREGUI Jorge ;Nafarroa Etorbidea/Avenida 39;20200;BEASAIN;0;943880587
200077;GODOY ATXAGA Idoia ;Elosegi Kalea/Calle 30;20210;LAZKAO;0;943880790
200078;ODRIOZOLA GOMEZ DE SEGURA Mª Inmaculada ;Zumarralde Kalea/Calle 2;20216;ORMAIZTEGI;0;943882770
200079;MUGICA MARTINEZ Edurne ;Euskal Herria Kalea/Calle 3;20400;IBARRA;0;943670915
200080;ARTOLA SAN SEBASTIAN Elisabet ;Askatasunaren etorbidea Etorbidea/Avenida 10;20215;ZEGAMA;0;943801127
200081;ASTIZ  ZURUTUZA Xabier  ;Gesalaga Kalea/Calle 8;20740;ZESTOA;0;943147006
200082;ZALDUEGI ETXANIZ Amaia ;Lersundi Kalea/Calle 20;20820;DEBA;1;943191055
200083;MORGADO JUEZ Idoia ;San Agustin Kalea/Calle 3;20600;EIBAR;0;943820533
200084;IRAUNDEGUI ARTZALLUS Elena ;Fermin Calbetón Kalea/Calle 19;20600;EIBAR;0;943201110
200085;ZULUETA VILARIÑO Mercedes ;San Agustin Kalea/Calle 5;20600;EIBAR;0;943820498
200086;IZPIZUA ANGOITIA Arantzazu ;Ibarkurutze Kalea/Calle 7;20600;EIBAR;0;943201912
200087;AZKUE LARRAÑAGA Olatz AZKUE LARRAÑAGA Mª Begoña;Toribio Etxebarria Kalea/Calle 4;20600;EIBAR;0;943202344
200088;SANCHEZ CASTAÑO Cristina ;Julian Etxeberria Kalea/Calle 7;20600;EIBAR;1;943203052
200089;LAFUENTE ESPILLA Idoia ;Sostoa-tarren kalea Kalea/Calle 10;20600;EIBAR;0;943254410
200090;ARRILLAGA YUDEGO Ander ;San Frantzisko Kalea/Calle 18;20870;ELGOIBAR;1;943741293
200091;ARRIOLA ANDONEGUI Irune ;Santa Ana Kalea/Calle 1;20870;ELGOIBAR;0;943740140
200092;GARITAONANDIA SANCHEZ Iñigo ;Uparitzaga Kalea/Calle 5;20870;ELGOIBAR;1;943741177
200093;PEREA RIELO Eider ;Eduardo Gorosarri Plaza/Plaza 2;20540;ESKORIATZA;0;943081202
200094;ETXEBARRIA AZUETA Aitziber ;Andre Kalea/Calle 48;20120;HERNANI;0;943551793
200095;GOMEZ BRAVO Marina ;Kale Nagusia Kalea/Calle 14;20120;HERNANI;1;943554892
200096;GIL MARTIN Fernando ;Kale Nagusia Kalea/Calle 24;20160;LASARTE-ORIA;1;943361529
200097;ECHEVESTE ELOSEGUI Jorge Miguel ;Elkano Kalea/Calle 8;20120;HERNANI;0;943552087
200098;IRAOLA GARMENDIA Maddi ;San Pedro Kalea/Calle 5;20280;HONDARRIBIA;1;943641027
200099;ERAUSQUIN NIÑO Urtzi ;San Pedro Kalea/Calle 22;20280;HONDARRIBIA;1;943641018
200100;HUARTE BASCOY María ;Itsasargi Kalea/Calle 14;20280;HONDARRIBIA;0;943642191
200101;FULDAIN ISASI-ISASMENDI Miren Eskarne ;Elkano Kalea/Calle 10;20808;GETARIA;1;943140441
200102;INFIESTA BARCENA MARIA ;Colón Ibilbidea/Paseo 36;20301;IRUN;0;943611263
200103;CORCUERA GUINEA Amado Jose ;Gipuzkoa Etorbidea/Avenida 28;20302;IRUN;1;943612904
200104;BERROA GOMEZ Mª Eugenia ;República Argentina Kalea/Calle 15;20302;IRUN;0;943623028
200105;DIAGO LARRACHE Mª Guadalupe ;Colón Ibilbidea/Paseo 2;20302;IRUN;1;943620029
200106;OCIO LARRAÑAGA Ane Idoia ;Aduana Kalea/Calle 1;20303;IRUN;1;943611611
200107;MOLINERO BARBEIRA Sara Isabel ;Colón Ibilbidea/Paseo 5;20302;IRUN;0;943621104
200108;GARCIA MARTINEZ Mª Mercedes ;Navarra Etorbidea/Avenida 1;20302;IRUN;1;943622761
200109;ECHEVESTE GONZÁLEZ María ;Pelegrín de Uranzu Kalea/Calle 2;20304;IRUN;0;943620791
200110;ORMAZABAL LASA Mª Jesus BARRIO SANCHEZ Mª Dolores;Pio XII Plaza/Plaza 3;20302;IRUN;1;943615609
200111;NOAIN CALABUIG Mª Aranzazu ;Fuenterrabia Kalea/Calle 14;20301;IRUN;0;943667157
200112;GIL VILLAR Agueda ;Kale Nagusia Kalea/Calle 14;20230;LEGAZPI;0;943731146
200113;VEGA LOPEZ Jose Antonio ;Arantzazu Auzoa/Barrio 17;20230;LEGAZPI;0;943730496
200114;URRUTIA YURREBASO Maitane Regina ;Ferrerías Kalea/Calle 1;20500;ARRASATE / MONDRAGÓN;0;943791515
200115;JUNCAY QUIZHPE Blanca Claribel ;Kontzezino Kalea/Calle 12;20500;ARRASATE / MONDRAGÓN;0;943797999
200116;LOPEZ RUIZ Luisa Marina ;Nafarroa Etorbidea/Avenida 1;20500;ARRASATE / MONDRAGÓN;0;943791409
200117;ESPAÑOL MORALES Ana Maria ;Leintzibar Kalea/Calle 2, bajo;20500;ARRASATE / MONDRAGÓN;1;943791865
200120;APRAIZ MATURANA Lon ;Erdikokale Kalea/Calle 7;20830;MUTRIKU;0;943603250
200121;IGARTUA SAGASTIZABAL Amaia ;Kale Zaharra Kalea/Calle 1;20560;OÑATI;0;943780122
200122;JULDAIN INZA Miren Lorea ;Kale Barria Kalea/Calle 7;20560;OÑATI;0;943781128
200123;LASA ERCILLA Ignacio ;San Nikolas Kalea/Calle 9;20810;ORIO;0;943830936
200124;ANTUNEZ IRASTORZA Carmen ;Done Eztebe Plaza/Plaza 5;20180;OIARTZUN;1;943490352
200125;LOSA  MENDIROZ Elena ;Euskadi Etorbidea/Avenida 27;20110;PASAIA;0;943390816
200126;EGURROLA REKONDO Ion EGURROLA REKONDO Laida;Markina Ingeniaria Kalea/Calle 3;20110;PASAIA;0;943399121
200127;DOMINGUEZ NAVAJO Raquel ;Blas de Lezo Kalea/Calle 11;20110;PASAIA;1;943510545
200128;CRISTOBAL MONREAL Olga María CAMPO IRIONDO Fernado Xabier;Lezobidea Kalea/Calle 22;20110;PASAIA;1;943514645
200129;ORUESAGASTI GABILONDO Ana Mª ;Kalebarren Kalea/Calle 9;20590;SORALUZE-PLACENCIA DE LAS ARMAS;0;943751384
200130;ESCUDERO ALQUIZA Lorena ;Biteri Kalea/Calle 16;20100;ERRENTERIA;1;688686221
200131;PAGES ROMERO Eduardo Iñigo ;Biteri Kalea/Calle 11;20100;ERRENTERIA;0;943524512
200132;RODRIGUEZ ZARZUELO Enrique ;Santxoenea Kalea/Calle 25;20100;ERRENTERIA;1;943516798
200133;PAGES ROMERO Joaquin Jesús ;Navarra Hiribidea/Avenida 77;20100;ERRENTERIA;1;943344549
200134;RODRIGUEZ ARTECHE Javier ;Calle Medio Kalea/Calle 26;20100;ERRENTERIA;1;943517740
200135;RODRIGUEZ VILLARREAL Sara ;Donibane Kalea/Calle 6;20100;LEZO;1;943344556
200136;LASA ARBULU Maite ;Kale Nagusia Kalea/Calle 11;20214;SEGURA;1;943801009
200137;OLARREAGA ARAMBURU Ignacio ;Korreo Kalea/Calle 2;20400;TOLOSA;0;943670128
200138;BENGOETXEA AIESTARAN Edurne ;Kale Nagusia Kalea/Calle 7;20400;TOLOSA;1;943670648
200139;ECHEVESTE ECHARRI Oscar ;Gernikako Arbola Lorategia/Jardín 3;20400;TOLOSA;0;943651040
200140;SANTAMARIA GARCIA Mª José ;Nafarroa Etorbidea/Avenida 2;20400;TOLOSA;0;943654610
200141;BRONTE POSADA Cecilia ;Korreo Kalea/Calle 20;20400;TOLOSA;0;943676013
200142;AMENABAR INDO Laida ;Kontseju Zarra Kalea/Calle 11;20170;USURBIL;0;943376076
200143;URRITICOECHEA MARTICORENA Agustin ;Oxirondo Plaza/Plaza 4;20570;BERGARA;1;943761174
200144;ZABALA PUY Iñigo ;Barrenkalea Kalea/Calle 25;20570;BERGARA;1;943761687
200145;ALVAREZ MOZOS Leire MOZOS ARANGUREN Miren;Iparragirre Kalea/Calle 2;20570;BERGARA;0;943761215
200146;ESTELLA HERMOSO DE MENDOZA Ander ;Matxiategi Kalea/Calle 5;20570;BERGARA;1;943761963
200147;SANCHEZ ALIAS Juana Maria ;Kale Berria Kalea/Calle 34;20150;VILLABONA;0;943691130
200148;DE LA CUESTA JAUREGUI Iñigo ;Santa Maria-Andre Maria Kalea/Calle 2;20240;ORDIZIA;0;943160949
200149;RECALDE ARRIOLA Estibalitz ;Plaza Nagusia Plaza/Plaza 10;20240;ORDIZIA;0;943880628
200150;PASCUAL GALLEGO Antonio Maria ;Kale Nagusia Kalea/Calle 40;20240;ORDIZIA;0;943881828
200151;MENENDEZ MARTINEZ Ignacio ;Gernikako Arbola Plaza/Plaza 3;20700;URRETXU;1;943720162
200152;LARRAÑAGA FRIAS Elixabete ;San Frantzisko Kalea/Calle 19;20800;ZARAUTZ;0;943133814
200153;GALLO ARTIÑANO Zaloa GALLO ARTIÑANO Noemí;Zigordia Kalea/Calle 17;20800;ZARAUTZ;1;943134019
200154;ROLDAN HERNANDEZ Francisco ;Euskadi Plaza/Plaza 4;20700;ZUMARRAGA;1;943721164
200155;BERBEL AYESTARAN Ana Isabel ;Legazpi Kalea/Calle 12;20700;ZUMARRAGA;0;943721207
200156;OTAÑO URANGA Jose Ignacio ;Eusebio Gurrutxaga Plaza/Plaza 4;20750;ZUMAIA;1;943861104
200157;QUEREJETA ADARRAGA Mª Concepcion ;Pablo Iglesias Etorbidea/Avenida 7;20100;ERRENTERIA;0;943344518
200158;ITURRIA MUTIOZABAL Miren Ainhoa ;Kale Nagusia Kalea/Calle 12;20800;ZARAUTZ;0;943832970
200159;LARRAÑAGA LARRAÑAGA Izaro ;Ondartxo Plaza/Plaza 1;20750;ZUMAIA;0;943861304
200160;OLEAGA MUGICA Itziar ;Parke Kalea/Calle 25;20100;ERRENTERIA;0;943344503
200161;MENDINUETA BERASTEGUI Esther ;Urkizu Ibilbidea/Paseo 6;20600;EIBAR;0;943820106
200162;ARRIETA URDALLETA Malen ;Enparan Kalea/Calle 47;20730;AZPEITIA;0;943811274
200163;BARANDELA SABUCEDO Celia ;Ziriako Agirre Kalea/Calle 4;20600;EIBAR;0;943206984
200164;LARBURU MONFORT Karmele CASTILLA ALBISU Mª Teresa;Urbieta Kalea/Calle 7;20120;HERNANI;1;943552941
200165;GARATE MENDIZABAL Miguel Angel ;Kale Barria Kalea/Calle 42;20560;OÑATI;0;943780558
200166;MONFORT LARDIES Elena ;Aita Larramendi Kalea/Calle 16;20140;ANDOAIN;0;943300913
200167;OLAIZOLA DE DIEGO Miren Uxoa ;Jose Maria Salaberria Kalea/Calle 29;20010;DONOSTIA / SAN SEBASTIÁN;1;943457360
200168;DE LA CUESTA ESNAL Myriam ;Serrano Anguita Kalea/Calle 1;20008;DONOSTIA / SAN SEBASTIÁN;0;943210362
200169;UGALDE ANSA AINARA UGALDE ANSA AITOR;Ondarreta Kalea/Calle 8;20140;ANDOAIN;0;943591302
200170;SARRIA RUIZ Maria ;Iparragirre Kalea/Calle 1;20700;URRETXU;1;943721307
200171;SANTAMARIA AGUIRRE Mª Pilar ;Isabel II Hiribidea/Avenida 25;20011;DONOSTIA / SAN SEBASTIÁN;1;943458340
200172;OLARREAGA ARAMBURU Marta ;Martin Jose Iraola Etorbidea/Avenida 1;20400;TOLOSA;0;943672438
200173;BLASCO VEGA Isabel ;Gure Zumardia Kalea/Calle 27;20110;PASAIA;0;943512349
200174;MARTINEZ GONZALEZ Amaia UNAMUNO ARENAZA Amaia;Serapio Mujika Pasealekua/Paseo 41;20016;DONOSTIA / SAN SEBASTIÁN;1;943398340
200175;AGRA JAUREGUI Mª del Mar ;Vega de Eguzkiza Kalea/Calle 23;20304;IRUN;0;943625240
200177;FERNANDEZ CORCUERA Ana  Mª ;Gipuzkoa Etorbidea/Avenida 11;20500;ARRASATE / MONDRAGÓN;0;943792226
200178;DE ARTABE GOMEZA Miren Argi ;Arrizar Taldea/Grupo 8;20017;DONOSTIA / SAN SEBASTIÁN;0;943351009
200179;OLAZABAL URRACA Noemi Sara ;San Sebastián Kalea/Calle 3;20100;ERRENTERIA;1;943344511
200180;TANCO SAN MILLAN Eva Mª ;Idiazabal Kalea/Calle 39;20130;URNIETA;0;943550942
200181;ARRIZABALAGA SEMINARIO Ana Josefa ARRIZABALAGA SEMINARIO Maria;Los Mikeletes Pasealekua/Paseo 16;20008;DONOSTIA / SAN SEBASTIÁN;0;943317711
200182;SANCHEZ  GARCIA IKER ;Balleneros Kalea/Calle 20;20011;DONOSTIA / SAN SEBASTIÁN;1;943458342
200183;ECHEVERRIA BARRENECHEA Anne Miren ;Errosario Kalea/Calle 26;20870;ELGOIBAR;1;943741277
200184;TAMAYO SARASOLA Leire ;Carlos I Hiribidea/Avenida 20;20011;DONOSTIA / SAN SEBASTIÁN;1;943457103
200185;AGRA JAUREGUI Maria GUISASOLA AGRA MARINA;Miguel de Ambulodi Kalea/Calle 5;20303;IRUN;1;943628625
200186;EZCURRA MARTINEZ Martin ;Harmugarrieta Kalea/Calle 9;20305;IRUN;1;943627342
200187;COLLADO BERROA Mª Dolores ;María Juncal Labandibar Kalea/Calle 3;20305;IRUN;0;943624981
200188;PEREIRO ZABALA Pedro Ignacio ;Hirigoien Kalea/Calle 12;20210;LAZKAO;0;943882299
200189;VALENCIA PEREIRO Isabel ;Virgen del Carmen Kalea/Calle 37;20012;DONOSTIA / SAN SEBASTIÁN;1;943272814
200190;DE ORUE VALDES Monica Rosario DE ORUE VALDES Pedro;Jaizkibel Plaza/Plaza 2;20160;LASARTE-ORIA;0;943362652
200191;ELORTZA SARASKETA Iñaki ELORTZA SARASKETA Iokin;Juan Gisasola Kalea/Calle 18;20600;EIBAR;0;943206100
200192; ;Belorrieta Auzoa/Barrio 1;20550;ARETXABALETA;0;943081143
200193;IRIZAR SABORIDO Juan Antonio ;Erguin Kalea/Calle 11;20500;ARRASATE / MONDRAGÓN;0;943791239
200194;PEÑA AZPILICUETA Miriam ;Galtzaraborda Etorbidea/Avenida 51;20100;ERRENTERIA;1;943511632
200195;FENOLL ALBISU Lorenzo ;Aizkorri Kalea/Calle 12;20230;LEGAZPI;1;943734306
200196;ARANA OYARBIDE Miren ;Ernio Bidea/Camino 5;20150;ZIZURKIL;1;943691840
200197;APAOLAZA EIZMENDI Ainhoa ;Los Olmos Pasealekua/Paseo 22;20016;DONOSTIA / SAN SEBASTIÁN;0;943399050
200198;RUIZ URQUIAGA Alvaro ;Tolosa Hiribidea/Avenida 27;20018;DONOSTIA / SAN SEBASTIÁN;0;943313036
200199;JIMENEZ TOMASENA Ana ;Euskadi Etorbidea/Avenida 61;20110;PASAIA;1;943395191
200200;SOTO IGLESIAS Estibaliz ;Errekalde Kalea/Calle 3;20590;SORALUZE-PLACENCIA DE LAS ARMAS;1;943751638
200201;AGUIRREZABALAGA ARZALLUZ Ana Mª ;Arraskuelarre Kalea/Calle 16;20180;OIARTZUN;1;943491495
200202;LASA SUQUIA Elixabete ;Kale Nagusia Kalea/Calle 42;20160;LASARTE-ORIA;1;943361774
200203;ITURRALDE CHOCARRO Tomas ;Borda Berri Kalea/Calle 1;20170;USURBIL;1;943363395
200204;ESPEJO ITURBE Aimar ;Sorgintzulo Kalea/Calle 11;20100;ERRENTERIA;1;943344569
200205;OYARBIDE MENDICUTE Izaro ;San Antonio Kalea/Calle 3;20570;BERGARA;1;943761105
200206;ROSTES SOLANS Pilar ;Zarautz Kalea/Calle 90;20018;DONOSTIA / SAN SEBASTIÁN;1;943213566
200207;GARRIDO ALBAINA Idoia ;Gipuzkoa Kalea/Calle 15;20240;ORDIZIA;1;943882934
200208;MENDIOLA RUIZ Gorka ;Kale Nagusia Kalea/Calle 13;20720;AZKOITIA;0;943851966
200209;ECHEVESTE ELOSEGUI Fernando ;Markola Etorbidea/Avenida 21;20100;ERRENTERIA;1;943344570
200211;BRAVO PORTELA Maitane ;San Marko Kalea/Calle 1;20100;ERRENTERIA;0;943344559
200212;GOROSPE RODRIGUEZ DEL CASTILLO Cristina ;Rikardo Arregi Kalea/Calle 12;20140;ANDOAIN;1;943592415
200213;MILLA HERRANZ Aurora ;Kale Nagusia Kalea/Calle 6;20213;IDIAZABAL;0;943187325
200214;MORENO MURILLO Yolanda ;Larratxo Pasealekua/Paseo 37;20017;DONOSTIA / SAN SEBASTIÁN;1;943391272
200215;REDONDO LOPEZ Mª Iciar ;Urdaneta Kalea/Calle 8;20800;ZARAUTZ;1;943133183
200216;RICO CASTAÑO Mónica ;Labeaga Kalea/Calle 60;20700;URRETXU;0;943720521
200217;GAYUBAS URRESTI Susana ;Barcelona Hiribidea/Avenida 16;20014;DONOSTIA / SAN SEBASTIÁN;1;943462731
200218;ARAMBURU ERNETA Maialen ;Julio Urkixo Pasealekua/Paseo 32;20016;DONOSTIA / SAN SEBASTIÁN;1;943396259
200219;LASUEN ARAMBURU Nagore ELEZGARAI RODRIGUEZ Leire;Tenientes Txurruka Etorbidea/Avenida 3;20830;MUTRIKU;1;943195026
200220;RUIZ DE ALEGRIA PRADERA Gabriela ;Bertsolari Txirrita Pasealekua/Paseo 21;20017;DONOSTIA / SAN SEBASTIÁN;1;943393503
200221;ACHA-ORBEA ECHEVERRIA Mª Carmen ;Hipodromo Etorbidea/Avenida 6;20160;LASARTE-ORIA;1;943363549
200222;ROMERO MARZO Jose Javier ;Pío XII Plaza/Plaza 4;20010;DONOSTIA / SAN SEBASTIÁN;0;943457425
200223;GARCIA SANCHEZ Maria Isabel ;Zurriola Hiribidea/Avenida 22;20002;DONOSTIA / SAN SEBASTIÁN;1;943297070
200224;DE OLAZABAL ZUGASTI Mª Teresa ;Pintor Berrueta Kalea/Calle 3;20305;IRUN;0;943622335
200225;ARANDIA ALTUNA Lucas ;Kale Nagusia Kalea/Calle 16;20250;LEGORRETA;1;943087022
200226;OYARBIDE ECHEVERRIA Mª Elena ;Arditurri Kalea/Calle 7;20100;ERRENTERIA;1;943518898
200227;MARTIN PARRA Maria Fe ;Peñas de Aya Kalea/Calle 4;20301;IRUN;1;943667232
200228;GARCIA GARCIA Mª Rosario Raquel ;Felisa Martín Bravo Hiribidea/Avenida 2;20014;DONOSTIA / SAN SEBASTIÁN;0;943463821
200229;CURTU MASSE Pablo ;Serapio Mujika Pasealekua/Paseo 8;20016;DONOSTIA / SAN SEBASTIÁN;0;943397156
200230;GARITANO ASCASIBAR Amaia ;Kalebarren Kalea/Calle 1;20577;ANTZUOLA;0;943766228
200231;AYESTARAN ALZUGARAY Itziar ;Pinar Kalea/Calle 13;20301;IRUN;1;943611640
200232;SANZBERRO GAGO Ainhoa ;Bartolome de Urdinso Kalea/Calle 17;20301;IRUN;0;943667154
200234;SANCHEZ ALVAREZ Laura ;Euskal Herria Plaza/Plaza 15;20500;ARRASATE / MONDRAGÓN;1;943790974
200235;LASA GALLEGO Ana ;Arrantzale Kalea/Calle 37;20810;ORIO;0;943832561
200236;PAJARES MERINO Sara ;Zumea Kalea/Calle 20;20140;ANDOAIN;0;943592629
200237;ALVAREZ AGORRETA Teresa ;Heriz Pasealekua/Paseo 16;20008;DONOSTIA / SAN SEBASTIÁN;0;943215877
200238;BURGOA ZUAZO Hiart ;Astillero Kalea/Calle 2;20820;DEBA;0;943191812
200239;AGUIRRE AGUIRREZABALAGA Ivan ;Embajador Pedro Aristegui Kalea/Calle 9;20305;IRUN;1;943509231
200240;IRURTIA ORICAIN Mª Teresa ;Herriko plaza Plaza/Plaza 2;20270;ANOETA;0;943652707
200241;URBISTONDO AROTZARENA Ana Mª ;Borroto Kalea/Calle 14;20009;DONOSTIA / SAN SEBASTIÁN;1;943212386
200242;ETXEBERRIA BARRENETXEA Amaia ;Gipuzkoa Kalea/Calle 17;20800;ZARAUTZ;1;943832398
200243;ELOSEGUI ARTOLA LETICIA ISABEL ;Catalina de Erauso Kalea/Calle 22;20010;DONOSTIA / SAN SEBASTIÁN;1;943466085
200244;MARCOS LARRINAGA Lander ;Juan Vollmer Plaza/Plaza 21;20304;IRUN;0;943622613
200245;MARCO PEREZ LEIRE ;Pescadores Terranova Kalea/Calle 8;20011;DONOSTIA / SAN SEBASTIÁN;1;943469354
200246;BASTIDA UCIN Mirari ARTETXE MENDIZABAL Amaia;Urbitarte Auzoa/Barrio 3;20730;AZPEITIA;0;943811949
200247;TEJERO MONZON Mª Dolores TEJERO MONZON Ana;Erlaiz Kalea/Calle 3;20304;IRUN;0;943623954
200248;BEGUIRISTAIN AUZMENDI Aitor ;Elbarrena Auzoa/Barrio 30;20211;ATAUN;1;943164129
200249;AGUIRRE ARAMBURU Mª Petra ;San Pedro Kalea/Calle 13;20304;IRUN;1;943620465
200250;OLAZABAL TORRON Lorenzo ;Ferrones Kalea/Calle 32;20303;IRUN;1;943627858
200252;MERINO OROZCO Borja Julian ;Luis Mariano Kalea/Calle 4;20302;IRUN;1;943621441
200253;ALBERDI ANDUEZA Aintzane ;Santa Fe Kalea/Calle 8;20247;ZALDIBIA;1;943884548
200254;AYLLON OÑATIVIA Ane Miren AYLLON OÑATIVIA Andoni;Izazpi Etxetaldea/Grupo 1;20700;ZUMARRAGA;1;943722330
200255;INDURAIN RAZQUIN Ruth ;Los Arbustos Pasealekua/Paseo 2;20009;DONOSTIA / SAN SEBASTIÁN;0;943210828
200257;SARASUA ELICEGUI Ana ;Ibarrazpi Pasealekua/Paseo 1;20159;ASTEASU;0;943690088
200259;ELCORO GALDOS Mª Elena ;Salbador Kalea/Calle 4;20690;ELGETA;0;943768150
200261;BADIOLA ELGARRESTA Arantxa ;Jose Maria Aristrain Kalea/Calle 3;20212;OLABERRIA;1;943880444
200262;CASUSO PEREZ Hugo ;Bartolome Deuna Kalea/Calle 28;20268;AMEZKETA;1;943653639
200263;BUISAN  TORRES OCTAVIO ;Leitza-Tolosa Etorbidea/Avenida 6;20492;BERASTEGI;0;943683167
200264;ARRASTOA AGOTE Mª Cristina ;Kale Nagusia Kalea/Calle 11;20249;ITSASONDO;0;943882148
200265;DE ANTONIO LARREA Marta ;Aizpitarte Pasabidea/Pasaje 1;20100;ERRENTERIA;1;943526109
480057;EZQUERRA  GALARZA CARLOS AITOR CELIMENDIZ AGUIRRE LEIRE;María Diaz de Haro Kalea/Calle 66;48920;PORTUGALETE;1;944962045
480060;BERRIOZABAL ARMESTO Marta ;Miguel Unamuno Plaza/Plaza 5;48006;BILBAO;1;944154901
480081;EPALZA CEBERIO CARLOTA CECILIA ;Texidor Kalea/Calle 4;48903;BARAKALDO;1;944901276
480082;BRINGAS PALACIO Mª Begoña ;Catalina Gibaja Kalea/Calle 3;48530;ORTUELLA;1;946640128
480083;GÜENECHEA SALAZAR Juan Ignacio ;Autonomía Kalea/Calle 41;48012;BILBAO;1;944210501
480102;CIARRETA HELGUERA Araitz ;Marcos Grijalvo Kalea/Calle 14;48910;SESTAO;1;944962127
480432;CASADO MONTALBAN Elena ;Primero de Mayo Etorbidea/Avenida 49;48510;VALLE DE TRÁPAGA-TRAPAGARAN;1;944920429
480433;FONTAN ZUBIZARRETA Mª Olatz SANTISTEBAN ARANAGA Inmaculada;Colón de Larreategui Kalea/Calle 43;48011;BILBAO;0;944235713
480434;RIVADULLA MOURAZOS Eva ;Gardeazabal Auzoa/Barrio 3;48002;BILBAO;0;944217562
480436;URIARTE TEMPRANO Mª Elena ;Valle del Baztan Plaza/Plaza 3;48015;BILBAO;0;944750500
480438;DIAZ GOMEZ  GOMEZ  Josu GONZALEZ  CAMINOS  Maite;Jenaro Oraa Kalea/Calle 18;48980;SANTURTZI;0;944613421
480440;ROSELLO GUTIERREZ MARIA CRISTINA  ;Casilla Plaza/Plaza 4;48012;BILBAO;0;944218904
480443;SOLAGUREN ELORDUY Izaskun ;Agirre Lehendakaria Etorbidea/Avenida 38;48970;BASAURI;0;944490494
480444;BOYRA NAVEA Mercedes ;Julián Bolivar Elorduy Kalea/Calle 7;48004;BILBAO;1;944339539
480452;LOPEZ URTUNSAUSTEGUI Izaskun ;Iparraguirre Kalea/Calle 56;48010;BILBAO;1;944213681
480453;BARCENA ROJI Ana ;Berastegui Kalea/Calle 1;48001;BILBAO;0;944236143
480454;ECHARRI GARCIA Mª Rosario ;Huertas de la Villa Kalea/Calle 12;48007;BILBAO;0;944453548
480698;SARMIENTO ELIAS Veronica ;Okeluri Kalea/Calle 6;48903;BARAKALDO;0;944992206
480700;BILBAO LUGARESARESTI Jaione ;Chavarri Kalea/Calle 22;48910;SESTAO;1;944720859
480701;ARRIANDIAGA GALDIZ Joaquin ;Zumarraga Kalea/Calle 1;48006;BILBAO;0;944167972
480704;ANDRACA ITURBE Ana ;Maidagan Kalea/Calle 61;48993;GETXO;1;944914697
480708;BOYRA NAVEA Mª Begoña ;Zumalakarregi Etorbidea/Avenida 115;48007;BILBAO;0;944464627
480710;BERASATEGUI AGUINAGA Igartxe ;Tartanga Kalea/Calle 7;48950;ERANDIO;0;944671429
480711;EZQUERRA GALARZA Luis Juan ;Urquijo Zumardia/Alameda 60;48011;BILBAO;0;944411447
480712;MARISCAL LIBANO Matxalen MARISCAL LIBANO Pantxo;Sagrado Corazón de Jesús Plaza/Plaza 1;48011;BILBAO;1;944415739
480713;CANALES BARRUTIA Julia ;Novia Salcedo Kalea/Calle 10;48012;BILBAO;1;944274157
200267;GANDARIAS ZALRRAGA Irantzu URIBE BENGOA Goiuri;Iñigo de Loiola Kalea/Calle 9;20160;LASARTE-ORIA;1;943019521
200269;MUTIOZABAL PASCUAL Ignacio ;Alai Auzunea/Barrio 6;20750;ZUMAIA;0;943860022
200271;MENDIZABAL ARIZMENDI ITSASO ;Doctor Marañón Pasealekua/Paseo 34;20009;DONOSTIA / SAN SEBASTIÁN;1;943219412
200272;FERNANDEZ AZPIAZU Ignacio   ;Herriko Enparantza Kalea/Calle 4;20850;MENDARO;0;943756142
200273;ARRUE OTEGI MIREN BAKARNE ;Paper Kalea/Calle 1;20271;IRURA;1;943507542
200274;FERNANDEZ VELO Milagros ;Armendi Gain Kalea/Calle 1;20809;AIA;0;943831522
200275;LEJEUNE MASET Leyre ;Euskal Herria Kalea/Calle 24;20400;IBARRA;0;943673274
200276;FERRER ELCORO-IRIBE Mª Eugenia ;Baratzategi Kalea/Calle 24;20015;DONOSTIA / SAN SEBASTIÁN;0;943292712
200277;BOTANZ HOLKE Marta ;Errota Kalea/Calle 9;20150;VILLABONA;0;943690978
200278;ALBERDI LENIZ AINTZANE ELBERDIN JAUREGI HAIZEA;Laubide Auzoa/Barrio 27;20230;LEGAZPI;0;943733624
200279;ZULAIKA OLASKOAGA Ignacio ;Bizkaia Kalea/Calle 41;20800;ZARAUTZ;0;943133994
200280;ALMAJANO GOMEZ Pedro Ignacio ;Mendelu Kalea/Calle 26;20280;HONDARRIBIA;0;943640068
200281;LABAYEN  SEBASTIAN Izaskun TORRE TEJADA Mª Victoria;Harresilanda Kalea/Calle 1;20280;HONDARRIBIA;0;943645798
200282;ALDABE ROMERO Garikoitz Iker ;Perkaiztegi Kalea/Calle 8;20120;HERNANI;0;943336022
200283;LEKUNBERRI ALBERDI Mikel ;Isasi Kalea/Calle 31;20600;EIBAR;0;943204230
200284;SANZA OLAIZOLA Jaime ;Lartzabal Etxadia/Barrio 4;20180;OIARTZUN;1;943494348
200285;RODRIGUEZ AZPIROZ MAIALEN RODRIGUEZ AZPIROZ IRUNE;Larramendi Kalea/Calle 6;20400;TOLOSA;0;943675118
200286;VEGA ENCINA Mª Pilar ZURUTUZA ILUNDAIN Ainara;Jose Maria Goikoetxea Kalea/Calle 31;20493;BERROBI;0;943683602
200287;GUERETA AZPIAZU Esther ;Jandonianiz Kalea/Calle 7;20720;AZKOITIA;1;943851235
200288;ERAUSKIN ALTUNA Isabel ;Baltasar Etxabe Kalea/Calle 2;20749;AIZARNAZABAL;1;943148192
200289;JAIO ABENDIBAR ELISABETH ;Zarugalde Kalea/Calle 38;20500;ARRASATE / MONDRAGÓN;1;943771630
200291;LABOA URCHIPIA Inmaculada ;Zubitxo Kalea/Calle 33;20100;LEZO;0;943522486
200292;ANDRES MORANT Leire ;Zabalarreta Lorategia/Jardín 1;20400;TOLOSA;1;943673849
200293; ;Latsunbeberri Auzoa/Barrio 11;20120;HERNANI;0;943336077
200295;AMENABAR IRIARTE JONE IRIARTE URANGA Milagros;Zinkunegi Kalea/Calle 5;20800;ZARAUTZ;0;943132983
200296;ANDUAGA MADINAZCOITIA Mª Rosario ;San Lorentzo Auzoa/Barrio 3;20560;OÑATI;1;943782116
200297;ODRIOZOLA URIA Cristina ;Garmendia Auzoa/Barrio 19;20730;AZPEITIA;0;943080258
480007;DEL CAMPILLO PEREZ Ricardo ;Montevideo Etorbidea/Avenida 24;48200;DURANGO;0;946811809
480010;ARAMBURU CARMONA Javier ARAMBURU CARMONA Ines;Erribera Kalea/Calle 20;48620;PLENTZIA;1;946775301
480011;CARRERO ZABALA Javier ;Intxausti Kalea/Calle 39;48370;BERMEO;0;946186237
480019;HERNANDEZ DOMINGUEZ Gema ;Licenciado Poza Kalea/Calle 20;48011;BILBAO;0;944411681
480024;BOYRA NAVEA Roberto ;Artekalea Kalea/Calle 1;48300;GERNIKA-LUMO;1;946251176
480028;CUARTERO ITURRALDE Mª Carmen ;Irala Kalea/Calle 32;48012;BILBAO;0;944219637
480122;NAVARRO ARANDA Mª Jesus ;Artekalea Kalea/Calle 6;48200;DURANGO;0;946810223
480132;EGUILUZ SANTOS ENDIKA ;Vicente Blasco Ibañez Kalea/Calle 6;48910;SESTAO;1;944952041
480135;MARQUEÑO ELLACURIA Maria ;El Minero Etorbidea/Avenida 3;48500;ABANTO Y CIÉRVANA-ABANTO ZIERBENA;1;946362204
480150;ESCARTIN AZLOR Teresa ;Uribarri Kalea/Calle 3;48007;BILBAO;0;944450548
480151;ORUETA BASCARAN ADRIANA ;Santa Ana de Bolueta Kalea/Calle 8;48004;BILBAO;1;944230035
480187;CALLEJA GONZALEZ Patricia ;Egetiaga Uribarri Kalea/Calle 8;48450;ETXEBARRI;1;944492696
480202;ZABALLA ITURRI Jon Andoni ;Gran Vía Don Diego López de Haro Kalea/Calle 56;48011;BILBAO;0;944411796
480216;PALACIOS GIMILIO Mª Dolores ;Andalucía Kalea/Calle 3;48015;BILBAO;0;944751789
480241;EGAÑA GARITAGOITIA Elisabeth ;Bekoetxe Kalea/Calle 4;48250;ZALDIBAR;0;946827083
480245;LOPEZ ECHEVARRIA ISABEL ;Albacete Kalea/Calle 1;48004;BILBAO;0;944111017
480246;SANCHEZ HERRAN Maria Gabriela ;Benidorm Kalea/Calle 11;48015;BILBAO;1;944476787
480262;GALLASTEGUI ISPIZUA MIREN ;Sagarminaga Kalea/Calle 3;48004;BILBAO;0;944112219
480265;ALDAMA MUÑOZ Naikare ;Calle Particular de Coste Kalea/Calle 8;48930;GETXO;1;944630635
480288;CUADRADO BLAZQUEZ PATRICIA ;Repélega Etorbidea/Avenida 10;48920;PORTUGALETE;0;944954034
480292;MARTINEZ MONGE Almudena ;Tiboli Kalea/Calle 30;48007;BILBAO;1;944452343
480294;POZA CAÑAS Mª Teresa POZA CAÑAS Elena Mª;Juan de Garay Kalea/Calle 2;48003;BILBAO;0;944433549
480322;MÉNDEZ  FERNÁNDEZ Susana GALLEGO LÓPEZ María del Carmen;Antonio Alzaga Etorbidea/Avenida 8;48980;SANTURTZI;1;944618181
480354;ITURRIAGA GONZALEZ Nerea Eugenia ;Andres Cortina Kalea/Calle 20;48993;GETXO;0;944600911
480371;TRAVER IBAÑEZ AITZIBER ;Elexalde Auzoa/Barrio 4;48390;BEDIA;0;946313950
480375;ABAROA GAUBECA Iraia ;Bidebarrieta Kalea/Calle 11;48370;BERMEO;0;946885152
480376;TRANCON ALONSO MARIA IRENE ;Alonso Allende Taldea/Grupo 12;48920;PORTUGALETE;0;944958033
480383;ARIETA-ARAUNABEÑA ESPAÑOL Mª Jose ;San Pío X Plaza/Plaza 3;48014;BILBAO;1;944474269
480384;POLO ITURREGUI Itziar ;Los Fueros Ibilbidea/Paseo 14;48901;BARAKALDO;0;944372843
480386;ECHEVARRIA UGARTE Felisa ;Montevideo Etorbidea/Avenida 2;48200;DURANGO;0;946814943
480387;LOPEZ-CABANAS EUBA Mª Eugenia ;Monte Mandoia Kalea/Calle 7;48004;BILBAO;1;944114781
480871;ESQUISABEL ASTORQUI Cristina ;Algorta Etorbidea/Avenida 32;48992;GETXO;0;944602529
480392;MUGICA VILDOSOLA Mª Eugenia ;Andra Maria Kalea/Calle 13;48200;DURANGO;1;946810823
480394;ARECHALDE DIAZ Veronica ;Santa Isabel Kalea/Calle 47;48003;ARRIGORRIAGA;0;944162740
480395;JIMENEZ SESMA Amelia Dolores ;Illeta Kalea/Calle 12;48991;GETXO;0;944301352
480398;ABELLANAL VAZQUEZ JULENE ;Zirgariak Etorbidea/Avenida 25;48950;ERANDIO;1;944671496
480399;ZUBIA ORTIZ DE GUINEA Mª Esther ;Portal de Zamudio Kalea/Calle 1;48005;BILBAO;1;944152128
480401;DE LA PEÑA CASADO Mercedes ;Ikastalde Taldea/Grupo 2;48013;BILBAO;0;944424999
480411;SALDAÑA URRUTIA CRISTINA ;Urquijo Zumardia/Alameda 22;48008;BILBAO;0;944210733
480412;GARDE IBAÑEZ Leandro ;Juan XXIII Kalea/Calle 1;48970;BASAURI;0;944490743
480415;FERNANDEZ-MONGE ELLACURIA Mª  Gabriela ;Andres Larrazabal Kalea/Calle 7;48930;GETXO;1;944637971
480416;GONZALEZ CAVIA Maria ;Sabino Arana Etorbidea/Avenida 6;48013;BILBAO;0;944182044
480417;ABERASTURI ETXABE Mª Lourdes ;Maidagan Kalea/Calle 19;48993;GETXO;1;944300796
480421;UGARTE CANALES Mª Ines ;Goienkale Kalea/Calle 11;48260;ERMUA;1;943170526
480422;JUTGLAR RUEDA Mª Teresa ;Zamácola Kalea/Calle 114;48003;BILBAO;0;944150897
480424;RIVAS DIEZ Elena ;San Adrián Etorbidea/Avenida 25;48003;BILBAO;0;944218237
480426;APRAIZ MATURANA Ion Iñaki ;San Mamés Zumardia/Alameda 49;48010;BILBAO;0;944210306
480429;SARRIA LAPEYRA Mª Victoria ;General Castaños Kalea/Calle 20;48920;PORTUGALETE;0;944962126
480455;CARRAL TELLITU Jon ;Agirre Lehendakaria Etorbidea/Avenida 67;48970;BASAURI;0;944490544
480457;JIMENEZ HERNANDEZ Araceli ;Dos de Mayo Kalea/Calle 28;48003;BILBAO;1;944153013
480458;LAZARO ARBERAS Mª Luz ;Madrid Kalea/Calle 6;48970;BASAURI;0;944491339
480459;GOMETZA GONZALEZ Ana Constanza ;Frantzisko Kortabarria Kalea/Calle 2;48970;BASAURI;1;944490587
480461;GOMETZA MURGA PAULA ;San Francisco Javier Plaza/Plaza 2;48010;BILBAO;1;944210344
480465;ERDOZAIN SESMA Cristina ;Zubialde Auzoa/Barrio 10;48499;ZEBERIO;1;946481472
480467;LINAZA PEÑA Mª Angeles ;Heliodoro de la Torre Kalea/Calle 11;48014;BILBAO;1;944752871
480469;ANGOITIA GARCIA Angela ;Libertador Simón Bolivar Etorbidea/Avenida 9;48920;PORTUGALETE;0;944627868
480471;DIAZ CAMPO Marta ;Oletxe Kalea/Calle 23;48960;USANSOLO;0;944560642
480473;BAZ URIARTE Angel Maria ;Zearkale Kalea/Calle 2;48260;ERMUA;0;943031703
480479;EREÑO GORROTXATEGI Mª Jesus ;Iturribarria Kalea/Calle 1;48002;BILBAO;1;944273655
480480;URIARTE MARCILLA MAIALEN URIARTE ARAMBURU Daniel;Gallarraga Kalea/Calle 2;48830;GÜEÑES;0;946692441
480482;KANALETXEBARRIA BATIS IRANTZU ;San Bartolome Auzoa/Barrio 31;48350;BUSTURIA;1;946870888
480484;GOIKOETXEA BASTERRETXEA Mª Pilar ;Ugarana Auzoa/Barrio 11;48141;DIMA;1;946737054
480487;ARRUTIA GERRIKAGOITIA Miren Arantzazu ;Obieta Kalea/Calle 15;48950;ERANDIO;0;944674711
480490;URBIETA LAVIADA Ana Mª ;Mainerrota Plaza/Plaza 5;48210;OTXANDIO;1;945450027
480491;DE KEYSER EGUIA Christian Jesus ;Sabino Arana Kalea/Calle 20;48640;BERANGO;0;946680360
480492;ACHA GARCES Victoria Leticia ;Julián Gaiarre Etorbidea/Avenida 4;48004;BILBAO;0;944128964
480494;MARTIN AVELLANAL Elena ;Axgane Auzoa/Barrio 1;48640;BERANGO;0;946680153
480500;GALLARDO EZPELETA Blanca Mª ;Ramón de Durañona Kalea/Calle 4;48510;VALLE DE TRÁPAGA-TRAPAGARAN;0;944923227
480502;LOPEZ BARTOLOME Monica ;Karmelo Torre Kalea/Calle 12;48970;BASAURI;1;944261326
480503;GALARZA ALTUBE Mª Paz ;Antonio Alzaga Etorbidea/Avenida 39;48980;SANTURTZI;1;944612771
480505;URIARTE MENDOZA Magdalena ;María Díaz de Haro Kalea/Calle 54;48010;BILBAO;0;944410149
480506;LABAYRU ECHEVERRIA Amaya LABAYRU ECHEVERRIA Beatriz;Kurutzea Kalea/Calle 2;48480;ARRIGORRIAGA;1;946710110
480509;ELEJAGA LARRINAGA Jose Ramon ;San Bartolome Kalea/Calle 21;48300;GERNIKA-LUMO;0;946255968
480513;BASAURI VERDEJO Elena ;Herriko Gane Kalea/Calle 1;48820;GÜEÑES;1;946693044
480514;LECUMBERRI ALBERDI Ibai ;Zubiaurre Kalea/Calle 9;48260;ERMUA;0;943170097
480518;ZOCO ROBLES Miren Nekane ;Urbi Etorbidea/Avenida 15;48970;BASAURI;0;944494426
480519;FERNANDEZ ORCAJADA Pablo Antonio ;Molinar Plaza/Plaza 4;48192;GORDEXOLA;0;946799267
480522;BENITO BUTRON Mª Pilar ;Etxebarri Kalea/Calle 19;48600;SOPELA;0;946766013
480523;CUESTA DIAZ Ana Lidia ;Lacabex Auzoa/Barrio 2;48850;ZALLA;0;946390881
480524;GARMENDIA PURROY Borja PURROY GUTIERREZ Beatriz;Fika Kalea/Calle 65;48006;BILBAO;1;944331038
480527;CARRAL TELLITU Felipe ;Jenaro Oraa Kalea/Calle 45;48980;SANTURTZI;1;944629620
480528;GONDRA ALZOLA Gorka Ander ;Arene Kalea/Calle 4;48991;GETXO;1;944306570
480536;MUGICA VAN HERCKENRODE Elsa ;Uretamendi Auzoa/Barrio 77;48002;BILBAO;1;944449273
480537;GARCIA LOPEZ-BUSTAMANTE Luis ;Abadetxe Kalea/Calle 10;48180;LOIU;0;944710574
480538;URIBE MARTINEZ Marta ;Zelaieta Kalea/Calle 56;48314;GAUTEGIZ ARTEAGA;0;946252913
480539;BEITIA COBO CLAUDIA ;Errondoko Kalea/Calle 2;48015;BILBAO;1;944476581
480540;ZAMALLOA ASUA Mª Arantza ;Askatasun Kalea/Calle 15;48143;AREATZA;0;946739322
480541;ARENAZA ASUA Mª Teresa ;Autonomía Kalea/Calle 9;48012;BILBAO;0;944219061
480547;GUMUZIO IRALA Cristina ;Aita Elorriaga Kalea/Calle 16;48100;MUNGIA;1;946156400
480548;GOIRIA MONTOYA Mª Carmen ;Sabino Arana Kalea/Calle 6;48340;AMOREBIETA-ETXANO;0;946730055
480550;RAMIREZ CORDON Juan Ramon ;Andalucía Kalea/Calle 4;48450;ETXEBARRI;0;944405571
480553;BONET AIZPURUA Mª Luisa ;Kamiñazpi Kalea/Calle 18;48700;ONDARROA;1;946831712
480554;SANCHO ORTIZ Mª Begoña ;Dolariaga Kalea/Calle 27;48370;BERMEO;1;946884352
480555;MORALES MAYORAL Jose Manuel ;Lehendakari Aguirre Etorbidea/Avenida 168;48015;BILBAO;0;944752780
480556;LOBO BEISTEGI Eva ;Los Chopos Etorbidea/Avenida 43;48992;GETXO;1;944308286
480557;ESPARZA BARTUREN Carlos ALONSO SAN GREGORIO Margarita;Jose Miguel Barandiaran Kalea/Calle 18;48980;SANTURTZI;0;944613742
480558;MARTINEZ DUQUE Jose Maria ;San Pedro Auzoa/Barrio 27;48191;GALDAMES;1;946104922
480561;BADIOLA URIARTE Mª Nekane ;Herriko plaza Plaza/Plaza 7;48142;ARTEA;0;946317311
480562;GARCIA DE BIKUÑA LANDA Borja ;Lehendakari Aguirre Etorbidea/Avenida 61;48014;BILBAO;0;944753138
480565;ARAUKO ARTETXE LEIRE ;Guenkalea Kalea/Calle 10;48270;MARKINA-XEMEIN;0;946167717
480569;URIARTE TEMPRANO Juan Antonio ;Basurtu-Kastrexana Errepidea/Carretera 63;48002;BILBAO;1;944422948
480571;SAEZ INTXAUSTI EIDER ;Intxausti Eresgille Kalea/Calle 10;48100;MUNGIA;0;946155648
480575;ARRUZA OLAECHEA Mª Angeles ;Errekalde-Larraskitu Errepidea/Carretera 1;48002;BILBAO;1;944218360
480578;ARGUINZONIZ CEBREIRO Araiz ;Don Tello Kalea/Calle 4;48300;GERNIKA-LUMO;1;946253861
480581;MONEO GOIRI Mª Dolores ;Gran Vía Don Diego López de Haro Kalea/Calle 71;48011;BILBAO;0;944412645
480590;DE LA PEÑA CASADO David ;Langaran Kalea/Calle 10;48004;BILBAO;1;944732374
480591;BOVEDA MARQUINEZ Estibaliz ;Las Viñas Kalea/Calle 67;48980;SANTURTZI;0;944838723
480593;SANCHEZ CHAVARRI Gonzalo ;Kale Nagusia Kalea/Calle 33;48970;BASAURI;1;944260942
480602;DAVALILLO CADABAL Argiñe ;Andikollano Kalea/Calle 2;48903;BARAKALDO;0;944990420
480604;UNAMUNZAGA SANROMA Covadonga ;Muruetatorre Auzunea/Barrio 8;48200;DURANGO;1;946203461
480607;SAGASTIZABAL SALAZAR Maria SANROMAN SAGASTIZABAL ANGELA;Askatasun Etorbidea/Avenida 19;48200;DURANGO;1;946201684
480610;MENDIZABAL AIZPURU Inmaculada ORTIZ ARILLA Jon;Blas de Otero Kalea/Calle 32;48014;BILBAO;1;944755256
480613;DE AMEZAGA BEASCOA Amaya ;San Antonio Etorbidea/Avenida 24;48450;ETXEBARRI;0;944498858
480616;ORIVE GONZALEZ Mª Josefina ;Iturribide Kalea/Calle 63;48006;BILBAO;1;944790577
480618;DE LA HERA DOMINGUEZ Mª Gloria ;Artatza Kalea/Calle 8;48940;LEIOA;0;944608501
480623;GONZALEZ ETXEBARRIA Jon Peli ;San Nicolas de Olabeaga Kalea/Calle 29;48013;BILBAO;0;944416232
480624;CARRAL CAMIRUAGA Ibai ;Haritzalde Enparantza/Plaza 6;48500;ABANTO Y CIÉRVANA-ABANTO ZIERBENA;0;946368477
480626;DE MIGUEL TEJEDOR Mª Rosario ;Regales Kalea/Calle 18;48980;SANTURTZI;1;944619370
480627;RUIZ GOLVANO Paula SANZ ARIGITA Ignacio Jesus;Pau Casals Etorbidea/Avenida 1;48004;BILBAO;0;944124032
480634;GARAY PALACIO Mª Begoña ;Enkarterri Kalea/Calle 1;48840;GÜEÑES;0;946690376
480637;ETXEBARRIETA GARMENDIA Mª Begoña ;Aizpuru Kalea/Calle 12;48910;SESTAO;1;944953099
480639;MARTINEZ OCASAR Ana Maria ;Azeta Kalea/Calle 7;48920;PORTUGALETE;1;944723195
480640;ADRIAN BERNABE Julian Fermin ;Iturribide Kalea/Calle 26;48006;BILBAO;0;944162215
480645;PARDO PARAÑOS Baltasar ;Mazarredo Zumardia/Alameda 9;48001;BILBAO;1;944232468
480646;DE MIGUEL RECALDE Francisco Javier ;Tomás Zubiria Ybarra Taldea/Grupo 4;48007;BILBAO;0;944462787
480648;AZKUENAGA LUS Clara Isabel ;San Adrián Etorbidea/Avenida 3;48003;BILBAO;1;944217460
480650;RAMOS COZAS Mª Angeles ;Doctor Ferran Kalea/Calle 7;48980;SANTURTZI;1;944935009
480651;HERRERO PINEDA Mª Belen ;Torre de Ugao Kalea/Calle 16;48490;UGAO-MIRABALLES;0;946480491
480653;GAZTELUMENDI MIGUEL Ignacio ;Juan Antonio Abasolo Kalea/Calle 2;48200;DURANGO;0;946811874
480655;DEL PRADO SAN TEODORO Mº del Carmen ;Catalunya Kalea/Calle 52;48970;BASAURI;0;944263521
480656;CASAS MARTIN Nuria ;Marcelino Menéndez y Pelayo Kalea/Calle 26;48006;BILBAO;0;944337789
480659;CARAZO IBAÑEZ Mª del Carmen ;Miranda Etorbidea/Avenida 17;48902;BARAKALDO;1;944371731
480660;ITURBE IRUSTA Maria ;Iparraguirre Kalea/Calle 3;48600;SOPELA;1;946764768
480661;LACHIONDO HUARTE-MENDICOA Cristina ;Aritz Bidea Kalea/Calle 12;48100;MUNGIA;0;946741590
480662;MARIN AURREKOETXEA Jaurne ;Iparragirre Etorbidea/Avenida 29;48980;SANTURTZI;0;944611720
480663;ARRIOLA ARACIL Marta ;Obieta Kalea/Calle 40;48950;ERANDIO;0;944670022
480666;ESTRADA PARADA Santiago ;Zabalbide Kalea/Calle 25;48006;BILBAO;1;944331283
480667;ARRIOLA EIZAGUIRRE Mª Carmen ;Antiguako Ama Kalea/Calle 6;48700;ONDARROA;1;946831479
480668;MANEIRO GAZTAÑAGA ARANTZA ;Arabella Taldea/Grupo 61;48007;BILBAO;0;944464233
480669;DE LECEA GRAVALOS Guillermo ;Pérez Galdós Kalea/Calle 14;48010;BILBAO;1;944211630
480671;SANTAMARIA GONZALO Berta ;Hurtado de Amezaga Kalea/Calle 13;48008;BILBAO;0;944222310
480672;OLAIZOLA DE DIEGO Carlota ;Gran Vía Don Diego López de Haro Kalea/Calle 8;48001;BILBAO;1;944233153
480673;FERNANDEZ DOMINGUEZ Miriam ;Elexalde Auzoa/Barrio 41;48311;IBARRANGELU;1;946276493
480674;IBARROLA MERINO Esther ;Arregia Auzoa/Barrio 1;48144;ZEANURI;1;946739395
480675;SESMA JIMENEZ Sara ;Mª Victoria Uribe Laso Kalea/Calle 2;48012;BILBAO;1;944010367
480676;IRUARRIZAGA INCHAUSTI Karmele ;San Miguel Kalea/Calle 15;48340;AMOREBIETA-ETXANO;1;946733669
480677;GONZALEZ DE ARRIETA GUTIERREZ Carmelo ;Nafarroa Kalea/Calle 28;48901;BARAKALDO;0;944373637
480678;JIMENEZ HERNANDEZ Araceli Maria ;Iparragirre Kalea/Calle 8;48970;BASAURI;0;944498533
480679;PEREZ GARCIA Olga Isabel ;Rodríguez Arias Kalea/Calle 43;48011;BILBAO;1;944411026
480680;LOPEZ LINARES LARRUCEA Mª Jesus ;Kasune Kalea/Calle 10;48991;GETXO;0;944302632
480681;SAENZ DE BURUAGA PEREZ Sonia ;Henao Kalea/Calle 14;48009;BILBAO;0;944231748
480684;AZCONA BARBED Leire ;Victor Chavarri Kalea/Calle 29;48920;PORTUGALETE;1;944962101
480685;PONT GOIRIZELAIA Carmen PONT GOIRIZELAIA Mª Teresa;Anselma de Salces Kalea/Calle 19;48007;BILBAO;1;944451345
480686;PEREZ GABIOLA Maitena ;Zamakoa Kalea/Calle 10;48960;GALDAKAO;1;944564904
480689;RODRIGUEZ DE PABLO Maria ;Bruno Mauricio Zabala Kalea/Calle 29;48003;BILBAO;0;944161783
480691;CABALLERO BADIOLA Antonio ;Atxuri Kalea/Calle 11;48006;BILBAO;1;944330883
480694;OLABARRIETA IBARRONDO Inmaculada ;Blas de Otero Kalea/Calle 51;48014;BILBAO;1;944473497
480696;SIERRA VADILLO Lorena ;Cristóbal de Murrieta Etorbidea/Avenida 36;48980;SANTURTZI;1;944614270
480716;BLANCO ECHEVARRIA Pilar ;Torre-Barri Kalea/Calle 7;48393;FORUA;1;946255724
480718;PARAMO GOMEZ Miriam ;Txomin Garat Etorbidea/Avenida 9;48004;BILBAO;1;944126673
480719;RUEDA PERROT Katarine ;Zurbaranbarri Auzoa/Barrio 11;48007;BILBAO;1;946556833
480720;ESTEBANEZ LOPEZ-TAFALL Rosa Mª ;General Castaños Kalea/Calle 50;48920;PORTUGALETE;1;944618534
480721;FERNANDEZ ORCAJADA IGNACIO JESUS ;Arteagabeitia Kalea/Calle 13;48902;BARAKALDO;1;944994302
480722;SANCHEZ MORENO Horencia ;Estartetxe Kalea/Calle 23;48940;LEIOA;0;944800802
480723;GONZALEZ SANTOS Manuel Angel ;Félix de la Torre Kalea/Calle 2;48800;BALMASEDA;1;946801656
480729;DE DIEGO RICA Marta ;Intxaurrondo Kalea/Calle 22;48200;DURANGO;0;946216322
480730;GOLZARRI SAIZ Alaitz ;Lauaxeta Olerkari Kalea/Calle 12;48100;MUNGIA;0;946749149
480731;BAÑALES ARNAIZ Aintzane ;Los Hoyos Bidea/Camino 20;48980;SANTURTZI;0;946365428
480733;SOLAY ISPIZUA Jon Mikel ;Vía Vieja de Lezama Bidea/Camino 3;48007;BILBAO;0;944464227
480734;ARRONATEGUI MARCAIDA Enara ;Mallazpi Kalea/Calle 0;48269;MALLABIA;1;943172414
480736;QUIJANO CUESTA Ainhoa ;Leizaola Lehendakaria Enparantza/Plaza 1;48170;ZAMUDIO;1;944520159
480737;MELERO GARCIA Rosa Mª ;San Pedro Kalea/Calle 31;48340;AMOREBIETA-ETXANO;0;944044566
480738;OBIETA CHARTERINA Ane Miren ;Julio Urquijo Kalea/Calle 10;48014;BILBAO;0;944751763
480739;VINIEGRA ARRIETA Mª Elena VINIEGRA ARRIETA Ana Luisa;Doktor Jose Garai Kalea/Calle 17;48970;BASAURI;0;944499557
480740;GONZALEZ ALVAREZ Leonardo ;Altos Hornos de Vizcaya Etorbidea/Avenida 12;48901;BARAKALDO;0;944182066
480744;HERNANDEZ GARCIA Monica Nuria HERNANDEZ GARCIA Myriam;Bizkai Kalea/Calle 39;48960;GALDAKAO;1;944561498
480745;SAEZ-SANTURTUN PRIETO Cristina ;Unamuno Kalea/Calle 4;48902;BARAKALDO;0;944901874
480746;DE ARGOTE MUSGO Jose Javier ;La Libertad Etorbidea/Avenida 36;48901;BARAKALDO;0;944372632
480747;GARCIA ORTIZ Maria ;Maiatzaren Bata Kalea/Calle 4;48940;LEIOA;1;944630066
480748;REGIL ALVAREZ Begoña ;Juan Antonio Zunzunegui Etorbidea/Avenida 12;48013;BILBAO;0;944416293
480749;URRITICOECHEA MARTICORENA Susana ;Astillero Kalea/Calle 1;48013;BILBAO;0;944416146
480750;ARCOCHA CALVIN Maria ;Buenos Aires Kalea/Calle 11;48001;BILBAO;1;944231483
480751;GARAY GOMEZ DE CEDRON Sonsoles ;Juan de Garay Kalea/Calle 33;48003;BILBAO;1;944431535
480753;IBARRETXE CAMPO Zuriñe ;Herriko plaza Plaza/Plaza 1;48160;DERIO;0;944541037
480754;APARICIO GONZALEZ Aida ;Askatasun Bidea Etorbidea/Avenida 25;48370;BERMEO;1;946187007
480755;PEÑA GOMEZ Alicia ;Cristóbal Colón Kalea/Calle 6;48920;PORTUGALETE;1;944837874
480757;LOPEZ LLARENA Jose Manuel ;Bidebarrieta Kalea/Calle 9;48005;BILBAO;1;944158563
480758;URQUIDI DIAZ Ana URQUIDI DIAZ Elena;Euskadi Etorbidea/Avenida 10;48902;BARAKALDO;0;944900103
480759;ANCEL ACEBAL Javier ACEBAL URCULLU Mª Rosario;Iturrigane Kalea/Calle 2;48150;SONDIKA;1;944531740
480760;MARES SAN SEBASTIAN Ana ;Autonomía Kalea/Calle 76;48012;BILBAO;1;944410887
480761;DE LA COLINA ARANCETA Mikel DE LA COLINA ARANCETA Francisco Javier;San Pedro Kalea/Calle 4;48190;SOPUERTA;1;946504663
480763;TIMPANARO ORCAJADA Elena ;Rodríguez Arias Kalea/Calle 12;48011;BILBAO;1;944157202
480764;ARRATE IRURETA Miren Begoña ;Las Mercedes Kalea/Calle 30;48930;GETXO;0;944640209
480766;ZULAICA ATORRASAGASTI María ;Minero Etorbidea/Avenida 2;48500;ORTUELLA;0;946640327
480771;TORRES EZQUERRA Mª Jasone TORRES SAMPEDRO Mª Jose;Gernikako Arbola Kalea/Calle 66;48902;BARAKALDO;0;944370244
480772;ZABALA PEÑA Irene ;La Libertad Etorbidea/Avenida 5;48901;BARAKALDO;0;944372110
480773;ATRIO FERNANDEZ Alicia ;Sixta Barrenetxea Kalea/Calle 10;48960;GALDAKAO;0;944570658
480775;REGIL PAGAI Jone ;Ronda de Azkue Kalea/Calle 12;48902;BARAKALDO;0;944851411
480777;CATAPODIS APARICIO Alexia ;Hernán Cortes Plaza/Plaza 3;48970;BASAURI;1;944490702
480778;URTUNSAUSTEGUI AROSTEGUI Edurne ;Fuente Vieja Etorbidea/Avenida 2;48550;MUSKIZ;0;946706864
480779;DE DIEGO RICA Juan Carlos ;Herriko plaza Plaza/Plaza 3;48901;BARAKALDO;1;944372937
480781;ANDIKOETXEA ASUA Ane ;Abaro Etorbidea/Avenida 20;48920;PORTUGALETE;0;944611173
480782;BLANCO ARCE Amaya ;Juan Ajuriaguerra Kalea/Calle 12;48009;BILBAO;0;944246021
480784;CANTALAPIEDRA ZURRO Miriam ;Autonomía Kalea/Calle 35;48902;BARAKALDO;0;944375243
480786;LARRAÑAGA BALENCIAGA Estibaliz LARRAÑAGA BALENCIAGA Arrate;Berrio-Otxoa Kalea/Calle 6;48230;ELORRIO;1;946820984
480789;PEÑA OLABARRIA Mariana ;Mendialde Taldea/Grupo 15;48530;ORTUELLA;1;946353338
480791;IRIZAR BELANDIA Blanca Rosa ;Gordóniz Kalea/Calle 82;48002;BILBAO;1;944211982
480792;RAMOS ERDOCIA Agueda ;Langileria Kalea/Calle 92;48940;LEIOA;0;944639473
480793;BERASATEGUI AGUINAGA Irantzu ;Askatasuna Etorbidea/Avenida 7;48003;BILBAO;1;946552556
480794;LOPEZ DE ARECHAGA GARMENDIA Leire ;Torresolo Kalea/Calle 4;48220;ABADIÑO;1;946215055
480795;ALCANTARA DE LA FUENTE MARIA GLORIA ;Recalde Zumardia/Alameda 58;48010;BILBAO;1;944703686
480796;SARASQUETA LACASA Diego ;Luis Urrengoetxea Kalea/Calle 5;48340;AMOREBIETA-ETXANO;0;946730903
480797;ONA VADILLO Mª Carmen ONA VADILLO Mª Jose;Santa Clara Kalea/Calle 2;48006;BILBAO;1;944111502
480798;PEREZ VILLARREAL Amaya ;Santutxu Kalea/Calle 66;48004;BILBAO;1;944332090
480800;AGUIRRE BRINGAS Itziar ;Marqués de Legarda Plaza/Plaza 2;48800;BALMASEDA;1;946800233
480801;GOYARROLA LOPEZ-BUSTAMANTE Jon ;Iturrikoetxe Taldea/Grupo 7;48195;LARRABETZU;0;944558010
480802;MARTINEZ ECHAVE Javier ;María Díaz de Haro Kalea/Calle 11;48013;BILBAO;0;944411285
480804;DOMINGUEZ ACHALANDABASO Jon DOMINGUEZ ACHALANDABASO Asier;Don Tello Kalea/Calle 7;48300;GERNIKA-LUMO;1;946251109
480805;UNCETA SUAREZ Manuel ;Gernika Lorategia/Jardín 24;48003;BILBAO;1;944155435
480806;CARDESO PEREIRA Diego ;Zamácola Kalea/Calle 57;48003;BILBAO;1;944166347
480807;YARTO  ELORZA AINTZANE  ;Loiola Ander Deuna Kalea/Calle 48;48600;SOPELA;1;946762363
480808;ORAA MORTE Ignacio ;Jose Miguel Barandiaran Kalea/Calle 6;48980;SANTURTZI;1;944612035
480809;DE ARISTEGUI ECHAVE Julia ;General Castaños Kalea/Calle 41;48920;PORTUGALETE;1;944624692
480810;URIARTE GARCIA-BORREGUERO Juan ;Orixe Kalea/Calle 48;48015;BILBAO;1;944470847
480813;AGUIRREZABALA GUTIERREZ Diego ;Colón de Larreategui Kalea/Calle 29;48009;BILBAO;1;944230065
480815;ZUBIMENDI CAVIA Begoña ;Santutxu Kalea/Calle 31;48004;BILBAO;1;944330775
480816;DIEZ RUIZ Miriam ;Kale Nagusia Kalea/Calle 6;48310;ELANTXOBE;0;946276368
480817;BILBAO SARRIA Iñigo ;Carlos VII Etorbidea/Avenida 13;48920;PORTUGALETE;0;944624207
480819;SANCRISTOBAL CARRO Inge SANCRISTOBAL CARRO Elene;Lanzagorta Etorbidea/Avenida 23;48860;ZALLA;0;946670015
480820;AYALA GOMEZ ASIER ;La Paz Kalea/Calle 43;48903;BARAKALDO;0;944994502
480821;ZUMARRAGA GIL Bruno ;Gatzarrine Kalea/Calle 6;48600;SOPELA;0;944047600
480822;GOROSTIAGA OMAETXEBARRIA Koldobika ;Atea Kalea/Calle 14;48280;LEKEITIO;0;946843023
480823;MONTAÑES RUIZ Lorena ;Zamácola Kalea/Calle 7;48003;BILBAO;1;944150580
480824;SANCHO ORTIZ Maria Mercedes ;Jose María Ugarteburu Kalea/Calle 20;48007;BILBAO;0;944463932
480825;SUAREZ-BARCENA AMANN Diego Luis ;El Minero Etorbidea/Avenida 10;48500;ABANTO Y CIÉRVANA-ABANTO ZIERBENA;0;946362559
480826;PORTILLO URIA Iraide ;San Roque Kalea/Calle 13;48920;PORTUGALETE;1;944958643
480827;ZAMAKOLA ALBERDI Miren ;Artibai Kalea/Calle 36;48270;MARKINA-XEMEIN;0;946166142
480828;FERNANDEZ BARANDA Javier ;Artatzagana Auzoa/Barrio 20;48940;LEIOA;1;944807227
480829;DEL CARRE LOPEZ Ana Mª ;Labayru Kalea/Calle 21;48012;BILBAO;0;944215753
480830;DEL CARRE LOPEZ Juan ;Barrengoitia Kalea/Calle 20;48920;PORTUGALETE;0;944958177
480831;COELLO MANGADO Iratxe ;Ramón y Cajal Kalea/Calle 3;48910;SESTAO;1;944963688
480832;DE ESCALZA PILARTE Mª Estibaliz ;Doctor Alberca Kalea/Calle 3;48007;BILBAO;1;944461213
480833;MONASTERIO ASTEINZA Amaia ;Gorbea-Gorbeia Kalea/Calle 2;48930;GETXO;1;944630865
480834;LLANO HERNAIZ Mª Teresa BARRON ARBEO Mariana;Vista Alegre Kalea/Calle 4;48903;BARAKALDO;0;944991829
480835;ARISTEGUI LANTERO Elena ;Juan Bautista Zabala Kalea/Calle 1;48991;GETXO;1;944911798
480836;ARGUINZONIZ CEBREIRO Manex Bettan ;Colón de Larreategui Kalea/Calle 41;48009;BILBAO;0;944236280
480840;ARANDIA EREÑO Cristina ;Plaza Nueva Plaza/Plaza 4;48005;BILBAO;1;944154627
480841;GABILONDO ZELAIA Itxasne ;Nardiztar Jon Kalea/Calle 4;48370;BERMEO;0;946880134
480842;ANGULO SANTOS Estibaliz ;Kandelazubieta Kalea/Calle 19;48940;LEIOA;1;944645185
480843;BILBAO GRACIA Olatz ;Bidezabal Kalea/Calle 2;48130;BAKIO;1;946194472
480844;HORMAECHEA ABAITUA Mª del Mar ;Neguri Etorbidea/Avenida 15;48992;GETXO;1;944911557
480845;MUNGUIRA CORTAJARENA Nagore ;Médico Municipal Pedro Cortes Taldea/Grupo 2;48006;BILBAO;1;944127724
480846;BARRENECHEA BASTERRA Ines ;Alango Kalea/Calle 7;48992;GETXO;0;944600043
480847;SAN ANDRES BOLIVAR Xabier ;Larramendi Plaza/Plaza 2;48940;LEIOA;0;946572295
480848;CAMPOMANES DE ALLENDE Xabier ;Euskadi Etorbidea/Avenida 82;48903;BARAKALDO;0;944991119
480849;UGARTEMENDIA URIBARRENA Mª Mercedes ;Juan Bautista Uriarte Kalea/Calle 30;48960;GALDAKAO;1;944561662
480850;BAZAN DIAZ Valentin ;Uribarri Kalea/Calle 5;48200;DURANGO;0;946810345
480851;MARTINEZ-MANSO LANZ Elena ;Jose Miguel Barandiaran Kalea/Calle 27;48980;SANTURTZI;1;944610369
480855;MADARIAGA UGALDE Iñaki ;Muguruza Kalea/Calle 2;48901;BARAKALDO;1;944370765
480856;MAGUREGUI ALONSO Jaime ;Zabálburu Plaza/Plaza 4;48010;BILBAO;1;944439808
480858;DE SARRIA IPIÑA Eduardo DE SARRIA IPIÑA Alejo;Telletxe Kalea/Calle 1;48991;GETXO;0;944910556
480859;URIA SILVANO Goizeder ;Ergoien Auzoa/Barrio 147;48113;GAMIZ-FIKA;1;946153536
480860;UGARTE ARGUINZONIZ Maria Teresa ;Lasesarre Kalea/Calle 5;48901;BARAKALDO;1;944371928
480863;RODRIGUEZ MARTINEZ Purificacion ;Lehendakari Agirre Etorbidea/Avenida 27;48140;IGORRE;0;946736109
480864;CALLEJA JORGE Maria ;Carlos VII Etorbidea/Avenida 18;48920;PORTUGALETE;1;944623251
481021;MAESO  DE LA FUENTE SILVIA ;Jesus Maria Leizaola Kalea/Calle 5;48640;BERANGO;1;944001882
481022;MARTINEZ DE LA HIDALGA ORTIZ DE ZARATE GABRIEL ;Lehendakari Agirre Plaza/Plaza 2;48610;URDULIZ;0;946061445
